SampleID,SampleName,SampleNo,SampleType,LibraryType,Year,TubeName,Seedlot,OriginalNo,RepNo,Variety,Plot,SoilType,M_52,M_52_method2
S78.10.O.3.16S_000000000.J53BN,78-10-O-3-16S,78,eye,16S,2018-2019,10-O-3,10,10,3,A,A_10,Clay,1108.982851,1.542459025
S105.10.O.1.16S_000000000.J58CV,105-10-O-1-16S,105,eye,16S,2018-2019,10-O-1,10,10,1,A,A_10,Clay,1108.982851,1.542459025
S166.10.O.2.16S_000000000.J52V7,166-10-O-2-16S,166,eye,16S,2018-2019,10-O-2,10,10,2,A,A_10,Clay,1108.982851,1.542459025
S180.10.O.4.16S_000000000.J52V7,180-10-O-4-16S,180,eye,16S,2018-2019,10-O-4,10,10,4,A,A_10,Clay,1108.982851,1.542459025
S24.17.O.1.16S_000000000.J59B3,24-17-O-1-16S,24,eye,16S,2018-2019,17-O-1,17,17,1,A,A_17,Clay,953.6784184,0.149955152
S44.17.O.4.16S_000000000.J59B3,44-17-O-4-16S,44,eye,16S,2018-2019,17-O-4,17,17,4,A,A_17,Clay,953.6784184,0.149955152
S112.17.O.2.16S_000000000.J58CV,112-17-O-2-16S,112,eye,16S,2018-2019,17-O-2,17,17,2,A,A_17,Clay,953.6784184,0.149955152
S150.17.O.3.16S_000000000.J52V7,150-17-O-3-16S,150,eye,16S,2018-2019,17-O-3,17,17,3,A,A_17,Clay,953.6784184,0.149955152
S89.19.O.1.16S_000000000.J53BN,89-19-O-1-16S,89,eye,16S,2018-2019,19-O-1,19,19,1,A,A_19,Clay,1114.520058,1.592107204
S138.19.O.3.16S_000000000.J58CV,138-19-O-3-16S,138,eye,16S,2018-2019,19-O-3,19,19,3,A,A_19,Clay,1114.520058,1.592107204
S160.19.O.4.16S_000000000.J52V7,160-19-O-4-16S,160,eye,16S,2018-2019,19-O-4,19,19,4,A,A_19,Clay,1114.520058,1.592107204
61.19.2.O.16S_000000000.JCCFG,61-19-2-O-16S,X61,eye,16S,2018-2019,19-O-2,19,19,2,A,A_19,Clay,1114.520058,1.592107204
S42.2.O.4.16S_000000000.J59B3,42-2-O-4-16S,42,eye,16S,2018-2019,2-O-4,2,2,4,A,A_2,Clay,850.3459736,-0.776553044
S173.2.O.2.16S_000000000.J52V7,173-2-O-2-16S,173,eye,16S,2018-2019,2-O-2,2,2,2,A,A_2,Clay,850.3459736,-0.776553044
S185.2.O.3.16S_000000000.J52V7,185-2-O-3-16S,185,eye,16S,2018-2019,2-O-3,2,2,3,A,A_2,Clay,850.3459736,-0.776553044
57.2.1.O.16S_000000000.JCCFG,57-2-1-O-16S,X57,eye,16S,2018-2019,2-O-1,2,2,1,A,A_2,Clay,850.3459736,-0.776553044
S3.23.O.1.16S_000000000.J59B3,3-23-O-1-16S,3,eye,16S,2018-2019,23-O-1,23,23,1,A,A_23,Clay,862.6269682,-0.66643814
S36.23.O.3.16S_000000000.J59B3,36-23-O-3-16S,36,eye,16S,2018-2019,23-O-3,23,23,3,A,A_23,Clay,862.6269682,-0.66643814
S158.23.O.2.16S_000000000.J52V7,158-23-O-2-16S,158,eye,16S,2018-2019,23-O-2,23,23,2,A,A_23,Clay,862.6269682,-0.66643814
S164.23.O.4.16S_000000000.J52V7,164-23-O-4-16S,164,eye,16S,2018-2019,23-O-4,23,23,4,A,A_23,Clay,862.6269682,-0.66643814
S59.26.O.4.16S_000000000.J53BN,59-26-O-4-16S,59,eye,16S,2018-2019,26-O-4,26,26,4,A,A_26,Clay,780.2695123,-1.404878598
S85.26.O.3.16S_000000000.J53BN,85-26-O-3-16S,85,eye,16S,2018-2019,26-O-3,26,26,3,A,A_26,Clay,780.2695123,-1.404878598
S116.26.O.1.16S_000000000.J58CV,116-26-O-1-16S,116,eye,16S,2018-2019,26-O-1,26,26,1,A,A_26,Clay,780.2695123,-1.404878598
7.26.2.O.16S_000000000.J99GR,7_26_2_O_16S,W7,eye,16S,2018-2019,26-O-2,26,26,2,A,A_26,Clay,780.2695123,-1.404878598
S31.28.O.3.16S_000000000.J59B3,31-28-O-3-16S,31,eye,16S,2018-2019,28-O-3,28,28,3,A,A_28,Clay,1104.501325,1.502276385
S65.28.O.2.16S_000000000.J53BN,65-28-O-2-16S,65,eye,16S,2018-2019,28-O-2,28,28,2,A,A_28,Clay,1104.501325,1.502276385
S70.28.O.1.16S_000000000.J53BN,70-28-O-1-16S,70,eye,16S,2018-2019,28-O-1,28,28,1,A,A_28,Clay,1104.501325,1.502276385
S91.28.O.4.16S_000000000.J53BN,91-28-O-4-16S,91,eye,16S,2018-2019,28-O-4,28,28,4,A,A_28,Clay,1104.501325,1.502276385
S45.30.O.3.16S_000000000.J59B3,45-30-O-3-16S,45,eye,16S,2018-2019,30-O-3,30,30,3,A,A_30,Clay,1054.123259,1.050572263
S46.30.O.1.16S_000000000.J59B3,46-30-O-1-16S,46,eye,16S,2018-2019,30-O-1,30,30,1,A,A_30,Clay,1054.123259,1.050572263
S122.30.O.4.16S_000000000.J58CV,122-30-O-4-16S,122,eye,16S,2018-2019,30-O-4,30,30,4,A,A_30,Clay,1054.123259,1.050572263
32.30.2.O.16S_000000000.J99GR,32_30_2_O_16S,W32,eye,16S,2018-2019,30-O-2,30,30,2,A,A_30,Clay,1054.123259,1.050572263
S25.6.O.1.16S_000000000.J59B3,25-6-O-1-16S,25,eye,16S,2018-2019,6-O-1,6,6,1,A,A_6,Clay,923.8058925,-0.117890443
S183.6.O.2.16S_000000000.J52V7,183-6-O-2-16S,183,eye,16S,2018-2019,6-O-2,6,6,2,A,A_6,Clay,923.8058925,-0.117890443
S187.6.O.3.16S_000000000.J52V7,187-6-O-3-16S,187,eye,16S,2018-2019,6-O-3,6,6,3,A,A_6,Clay,923.8058925,-0.117890443
2.6.4.O.16S_000000000.J99GR,2_6_4_O_16S,W2,eye,16S,2018-2019,6-O-4,6,6,4,A,A_6,Clay,923.8058925,-0.117890443
S14.8.O.3.16S_000000000.J59B3,14-8-O-3-16S,14,eye,16S,2018-2019,8-O-3,8,8,3,A,A_8,Clay,669.6259613,-2.396940258
S22.8.O.4.16S_000000000.J59B3,22-8-O-4-16S,22,eye,16S,2018-2019,8-O-4,8,8,4,A,A_8,Clay,669.6259613,-2.396940258
S38.8.O.2.16S_000000000.J59B3,38-8-O-2-16S,38,eye,16S,2018-2019,8-O-2,8,8,2,A,A_8,Clay,669.6259613,-2.396940258
S64.8.O.1.16S_000000000.J53BN,64-8-O-1-16S,64,eye,16S,2018-2019,8-O-1,8,8,1,A,A_8,Clay,669.6259613,-2.396940258
S28.31.O.1.16S_000000000.J59B3,28-31-O-1-16S,28,eye,16S,2018-2019,31-O-1,31,31,1,B,B_31,Clay,1571.503755,-0.627749278
S56.31.O.3.16S_000000000.J53BN,56-31-O-3-16S,56,eye,16S,2018-2019,31-O-3,31,31,3,B,B_31,Clay,1571.503755,-0.627749278
S123.31.O.4.16S_000000000.J58CV,123-31-O-4-16S,123,eye,16S,2018-2019,31-O-4,31,31,4,B,B_31,Clay,1571.503755,-0.627749278
58.31.2.O.16S_000000000.JCCFG,58-31-2-O-16S,X58,eye,16S,2018-2019,31-O-2,31,31,2,B,B_31,Clay,1571.503755,-0.627749278
S48.34.O.4.16S_000000000.J59B3,48-34-O-4-16S,48,eye,16S,2018-2019,34-O-4,34,34,4,B,B_34,Clay,1634.77138,-0.016473538
S124.34.O.2.16S_000000000.J58CV,124-34-O-2-16S,124,eye,16S,2018-2019,34-O-2,34,34,2,B,B_34,Clay,1634.77138,-0.016473538
S167.34.O.1.16S_000000000.J52V7,167-34-O-1-16S,167,eye,16S,2018-2019,34-O-1,34,34,1,B,B_34,Clay,1634.77138,-0.016473538
15.34.3.O.16S_000000000.J99GR,15_34_3_O_16S,W15,eye,16S,2018-2019,34-O-3,34,34,3,B,B_34,Clay,1634.77138,-0.016473538
S4.38.O.2.16S_000000000.J59B3,4-38-O-2-16S,4,eye,16S,2018-2019,38-O-2,38,38,2,B,B_38,Clay,1588.621553,-0.462361452
S77.38.O.4.16S_000000000.J53BN,77-38-O-4-16S,77,eye,16S,2018-2019,38-O-4,38,38,4,B,B_38,Clay,1588.621553,-0.462361452
S131.38.O.1.16S_000000000.J58CV,131-38-O-1-16S,131,eye,16S,2018-2019,38-O-1,38,38,1,B,B_38,Clay,1588.621553,-0.462361452
48.38.3.O.16S_000000000.J99GR,48_38_3_O_16S,W48,eye,16S,2018-2019,38-O-3,38,38,3,B,B_38,Clay,1588.621553,-0.462361452
S50.47.O.1.16S_000000000.J53BN,50-47-O-1-16S,50,eye,16S,2018-2019,47-O-1,47,47,1,B,B_47,Clay,1552.852792,-0.80795015
S94.47.O.3.16S_000000000.J53BN,94-47-O-3-16S,94,eye,16S,2018-2019,47-O-3,47,47,3,B,B_47,Clay,1552.852792,-0.80795015
S172.47.O.2.16S_000000000.J52V7,172-47-O-2-16S,172,eye,16S,2018-2019,47-O-2,47,47,2,B,B_47,Clay,1552.852792,-0.80795015
37.47.4.O.16S_000000000.J99GR,37_47_4_O_16S,W37,eye,16S,2018-2019,47-O-4,47,47,4,B,B_47,Clay,1552.852792,-0.80795015
S119.50.O.2.16S_000000000.J58CV,119-50-O-2-16S,119,eye,16S,2018-2019,50-O-2,50,50,2,B,B_50,Clay,1835.583341,1.923720659
S130.50.O.1.16S_000000000.J58CV,130-50-O-1-16S,130,eye,16S,2018-2019,50-O-1,50,50,1,B,B_50,Clay,1835.583341,1.923720659
S145.50.O.4.16S_000000000.J52V7,145-50-O-4-16S,145,eye,16S,2018-2019,50-O-4,50,50,4,B,B_50,Clay,1835.583341,1.923720659
S165.50.O.3.16S_000000000.J52V7,165-50-O-3-16S,165,eye,16S,2018-2019,50-O-3,50,50,3,B,B_50,Clay,1835.583341,1.923720659
S13.51.O.1.16S_000000000.J59B3,13-51-O-1-16S,13,eye,16S,2018-2019,51-O-1,51,51,1,B,B_51,Clay,1510.819165,-1.214068386
S23.51.O.2.16S_000000000.J59B3,23-51-O-2-16S,23,eye,16S,2018-2019,51-O-2,51,51,2,B,B_51,Clay,1510.819165,-1.214068386
S95.51.O.3.16S_000000000.J53BN,95-51-O-3-16S,95,eye,16S,2018-2019,51-O-3,51,51,3,B,B_51,Clay,1510.819165,-1.214068386
4.51.4.O.16S_000000000.J99GR,4_51_4_O_16S,W4,eye,16S,2018-2019,51-O-4,51,51,4,B,B_51,Clay,1510.819165,-1.214068386
S12.52.O.3.16S_000000000.J59B3,12-52-O-3-16S,12,eye,16S,2018-2019,52-O-3,52,52,3,B,B_52,Clay,1758.593919,1.179868406
S98.52.O.1.16S_000000000.J58CV,98-52-O-1-16S,98,eye,16S,2018-2019,52-O-1,52,52,1,B,B_52,Clay,1758.593919,1.179868406
S100.52.O.2.16S_000000000.J58CV,100-52-O-2-16S,100,eye,16S,2018-2019,52-O-2,52,52,2,B,B_52,Clay,1758.593919,1.179868406
S142.52.O.4.16S_000000000.J58CV,142-52-O-4-16S,142,eye,16S,2018-2019,52-O-4,52,52,4,B,B_52,Clay,1758.593919,1.179868406
S29.56.O.3.16S_000000000.J59B3,29-56-O-3-16S,29,eye,16S,2018-2019,56-O-3,56,56,3,B,B_56,Clay,1792.234477,1.504894937
S72.56.O.2.16S_000000000.J53BN,72-56-O-2-16S,72,eye,16S,2018-2019,56-O-2,56,56,2,B,B_56,Clay,1792.234477,1.504894937
S97.56.O.1.16S_000000000.J58CV,97-56-O-1-16S,97,eye,16S,2018-2019,56-O-1,56,56,1,B,B_56,Clay,1792.234477,1.504894937
S117.56.O.4.16S_000000000.J58CV,117-56-O-4-16S,117,eye,16S,2018-2019,56-O-4,56,56,4,B,B_56,Clay,1792.234477,1.504894937
S60.58.O.3.16S_000000000.J53BN,60-58-O-3-16S,60,eye,16S,2018-2019,58-O-3,58,58,3,B,B_58,Clay,1484.146501,-1.471772896
S118.58.O.2.16S_000000000.J58CV,118-58-O-2-16S,118,eye,16S,2018-2019,58-O-2,58,58,2,B,B_58,Clay,1484.146501,-1.471772896
S121.58.O.4.16S_000000000.J58CV,121-58-O-4-16S,121,eye,16S,2018-2019,58-O-4,58,58,4,B,B_58,Clay,1484.146501,-1.471772896
S192.58.O.1.16S_000000000.J52V7,192-58-O-1-16S,192,eye,16S,2018-2019,58-O-1,58,58,1,B,B_58,Clay,1484.146501,-1.471772896
S37.60.O.3.16S_000000000.J59B3,37-60-O-3-16S,37,eye,16S,2018-2019,60-O-3,60,60,3,B,B_60,Sand,1855.04996,2.111802188
S43.60.O.4.16S_000000000.J59B3,43-60-O-4-16S,43,eye,16S,2018-2019,60-O-4,60,60,4,B,B_60,Sand,1855.04996,2.111802188
S61.60.O.2.16S_000000000.J53BN,61-60-O-2-16S,61,eye,16S,2018-2019,60-O-2,60,60,2,B,B_60,Sand,1855.04996,2.111802188
S137.60.O.1.16S_000000000.J58CV,137-60-O-1-16S,137,eye,16S,2018-2019,60-O-1,60,60,1,B,B_60,Sand,1855.04996,2.111802188
S18.134.O.3.16S_000000000.J59B3,18-134-O-3-16S,18,eye,16S,2018-2019,134-O-3,134,214,3,C,C_134,Sand,1174.218448,0.645926745
S68.134.O.2.16S_000000000.J53BN,68-134-O-2-16S,68,eye,16S,2018-2019,134-O-2,134,214,2,C,C_134,Sand,1174.218448,0.645926745
S73.134.O.1.16S_000000000.J53BN,73-134-O-1-16S,73,eye,16S,2018-2019,134-O-1,134,214,1,C,C_134,Sand,1174.218448,0.645926745
S170.134.O.4.16S_000000000.J52V7,170-134-O-4-16S,170,eye,16S,2018-2019,134-O-4,134,214,4,C,C_134,Sand,1174.218448,0.645926745
S86.136.O.4.16S_000000000.J53BN,86-136-O-4-16S,86,eye,16S,2018-2019,136-O-4,136,216,4,C,C_136,Clay,1079.308692,0.18846114
S133.136.O.3.16S_000000000.J58CV,133-136-O-3-16S,133,eye,16S,2018-2019,136-O-3,136,216,3,C,C_136,Clay,1079.308692,0.18846114
S153.136.O.2.16S_000000000.J52V7,153-136-O-2-16S,153,eye,16S,2018-2019,136-O-2,136,216,2,C,C_136,Clay,1079.308692,0.18846114
30.136.1.O.16S_000000000.J99GR,30_136_1_O_16S,W30,eye,16S,2018-2019,136-O-1,136,216,1,C,C_136,Clay,1079.308692,0.18846114
S51.140.O.2.16S_000000000.J53BN,51-140-O-2-16S,51,eye,16S,2018-2019,140-O-2,140,220,2,C,C_140,Sand,783.6273734,-1.236724614
S75.140.O.4.16S_000000000.J53BN,75-140-O-4-16S,75,eye,16S,2018-2019,140-O-4,140,220,4,C,C_140,Sand,783.6273734,-1.236724614
S189.140.O.1.16S_000000000.J52V7,189-140-O-1-16S,189,eye,16S,2018-2019,140-O-1,140,220,1,C,C_140,Sand,783.6273734,-1.236724614
25.140.3.O.16S_000000000.J99GR,25_140_3_O_16S,W25,eye,16S,2018-2019,140-O-3,140,220,3,C,C_140,Sand,783.6273734,-1.236724614
S54.143.O.4.16S_000000000.J53BN,54-143-O-4-16S,54,eye,16S,2018-2019,143-O-4,143,223,4,C,C_143,Sand,1342.359152,1.456365962
S82.143.O.1.16S_000000000.J53BN,82-143-O-1-16S,82,eye,16S,2018-2019,143-O-1,143,223,1,C,C_143,Sand,1342.359152,1.456365962
S92.143.O.2.16S_000000000.J53BN,92-143-O-2-16S,92,eye,16S,2018-2019,143-O-2,143,223,2,C,C_143,Sand,1342.359152,1.456365962
S162.143.O.3.16S_000000000.J52V7,162-143-O-3-16S,162,eye,16S,2018-2019,143-O-3,143,223,3,C,C_143,Sand,1342.359152,1.456365962
S1.167.O.1.16S_000000000.J59B3,1-167-O-1-16S,1,eye,16S,2018-2019,167-O-1,167,247,1,C,C_167,Sand,1325.324136,1.37425708
S96.167.O.2.16S_000000000.J53BN,96-167-O-2-16S,96,eye,16S,2018-2019,167-O-2,167,247,2,C,C_167,Sand,1325.324136,1.37425708
S120.167.O.4.16S_000000000.J58CV,120-167-O-4-16S,120,eye,16S,2018-2019,167-O-4,167,247,4,C,C_167,Sand,1325.324136,1.37425708
S134.167.O.3.16S_000000000.J58CV,134-167-O-3-16S,134,eye,16S,2018-2019,167-O-3,167,247,3,C,C_167,Sand,1325.324136,1.37425708
11.169.1.O.16S_000000000.J99GR,11_169_1_O_16S,W11,eye,16S,2018-2019,169-O-1,169,249,1,C,C_169,Sand,1448.513089,1.968028584
29.169.3.O.16S_000000000.J99GR,29_169_3_O_16S,W29,eye,16S,2018-2019,169-O-3,169,249,3,C,C_169,Sand,1448.513089,1.968028584
41.169.4.O.16S_000000000.J99GR,41_169_4_O_16S,W41,eye,16S,2018-2019,169-O-4,169,249,4,C,C_169,Sand,1448.513089,1.968028584
52.169.2.O.16S_000000000.JCCFG,52-169-2-O-16S,X52,eye,16S,2018-2019,169-O-2,169,249,2,C,C_169,Sand,1448.513089,1.968028584
S15.178.O.2.16S_000000000.J59B3,15-178-O-2-16S,15,eye,16S,2018-2019,178-O-2,178,258,2,C,C_178,Clay,685.5007509,-1.709695532
S69.178.O.4.16S_000000000.J53BN,69-178-O-4-16S,69,eye,16S,2018-2019,178-O-4,178,258,4,C,C_178,Clay,685.5007509,-1.709695532
S90.178.O.1.16S_000000000.J53BN,90-178-O-1-16S,90,eye,16S,2018-2019,178-O-1,178,258,1,C,C_178,Clay,685.5007509,-1.709695532
S127.178.O.3.16S_000000000.J58CV,127-178-O-3-16S,127,eye,16S,2018-2019,178-O-3,178,258,3,C,C_178,Clay,685.5007509,-1.709695532
S87.157.O.1.16S_000000000.J53BN,87-157-O-1-16S,87,eye,16S,2018-2019,179-O-1,179,259,1,C,C_179,Clay,661.485916,-1.825447183
S148.157.O.4.16S_000000000.J52V7,148-157-O-4-16S,148,eye,16S,2018-2019,179-O-4,179,259,4,C,C_179,Clay,661.485916,-1.825447183
S156.157.O.3.16S_000000000.J52V7,156-157-O-3-16S,156,eye,16S,2018-2019,179-O-3,179,259,3,C,C_179,Clay,661.485916,-1.825447183
S191.157.O.2.16S_000000000.J52V7,191-157-O-2-16S,191,eye,16S,2018-2019,179-O-2,179,259,2,C,C_179,Clay,661.485916,-1.825447183
S9.180.O.1.16S_000000000.J59B3,9-180-O-1-16S,9,eye,16S,2018-2019,180-O-1,180,260,1,C,C_180,Sand,867.1431889,-0.834177875
S84.180.O.4.16S_000000000.J53BN,84-180-O-4-16S,84,eye,16S,2018-2019,180-O-4,180,260,4,C,C_180,Sand,867.1431889,-0.834177875
S135.180.O.2.16S_000000000.J58CV,135-180-O-2-16S,135,eye,16S,2018-2019,180-O-2,180,260,2,C,C_180,Sand,867.1431889,-0.834177875
S34.63.O.4.16S_000000000.J59B3,34-63-O-4-16S,34,eye,16S,2018-2019,63-O-4,63,63,4,D,D_63,Clay,1015.774864,-1.039131465
S57.63.O.2.16S_000000000.J53BN,57-63-O-2-16S,57,eye,16S,2018-2019,63-O-2,63,63,2,D,D_63,Clay,1015.774864,-1.039131465
S76.63.O.1.16S_000000000.J53BN,76-63-O-1-16S,76,eye,16S,2018-2019,63-O-1,63,63,1,D,D_63,Clay,1015.774864,-1.039131465
24.63.3.O.16S_000000000.J99GR,24_63_3_O_16S,W24,eye,16S,2018-2019,63-O-3,63,63,3,D,D_63,Clay,1015.774864,-1.039131465
S136.65.O.3.16S_000000000.J58CV,136-65-O-3-16S,136,eye,16S,2018-2019,65-O-3,65,65,3,D,D_65,Clay,890.9095923,-2.079345609
S144.65.O.2.16S_000000000.J58CV,144-65-O-2-16S,144,eye,16S,2018-2019,65-O-2,65,65,2,D,D_65,Clay,890.9095923,-2.079345609
S147.65.O.4.16S_000000000.J52V7,147-65-O-4-16S,147,eye,16S,2018-2019,65-O-4,65,65,4,D,D_65,Clay,890.9095923,-2.079345609
S155.65.O.1.16S_000000000.J52V7,155-65-O-1-16S,155,eye,16S,2018-2019,65-O-1,65,65,1,D,D_65,Clay,890.9095923,-2.079345609
S107.75.O.3.16S_000000000.J58CV,107-75-O-3-16S,107,eye,16S,2018-2019,75-O-3,75,75,3,D,D_75,Clay,1186.267223,0.381187902
S179.75.O.4.16S_000000000.J52V7,179-75-O-4-16S,179,eye,16S,2018-2019,75-O-4,75,75,4,D,D_75,Clay,1186.267223,0.381187902
S186.75.O.1.16S_000000000.J52V7,186-75-O-1-16S,186,eye,16S,2018-2019,75-O-1,75,75,1,D,D_75,Clay,1186.267223,0.381187902
17.75.2.O.16S_000000000.J99GR,17_75_2_O_16S,W17,eye,16S,2018-2019,75-O-2,75,75,2,D,D_75,Clay,1186.267223,0.381187902
S35.76.O.1.16S_000000000.J59B3,35-76-O-1-16S,35,eye,16S,2018-2019,76-O-1,76,76,1,D,D_76,Clay,1239.487417,0.82454896
S102.76.O.4.16S_000000000.J58CV,102-76-O-4-16S,102,eye,16S,2018-2019,76-O-4,76,76,4,D,D_76,Clay,1239.487417,0.82454896
S104.76.O.3.16S_000000000.J58CV,104-76-O-3-16S,104,eye,16S,2018-2019,76-O-3,76,76,3,D,D_76,Clay,1239.487417,0.82454896
S106.76.O.2.16S_000000000.J58CV,106-76-O-2-16S,106,eye,16S,2018-2019,76-O-2,76,76,2,D,D_76,Clay,1239.487417,0.82454896
S2.77.O.2.16S_000000000.J59B3,2-77-O-2-16S,2,eye,16S,2018-2019,77-O-2,77,77,2,D,D_77,Clay,1357.248558,1.805580785
S8.77.O.1.16S_000000000.J59B3,8-77-O-1-16S,8,eye,16S,2018-2019,77-O-1,77,77,1,D,D_77,Clay,1357.248558,1.805580785
S71.77.O.4.16S_000000000.J53BN,71-77-O-4-16S,71,eye,16S,2018-2019,77-O-4,77,77,4,D,D_77,Clay,1357.248558,1.805580785
S177.77.O.3.16S_000000000.J52V7,177-77-O-3-16S,177,eye,16S,2018-2019,77-O-3,77,77,3,D,D_77,Clay,1357.248558,1.805580785
S80.76.O.1.16S_000000000.J53BN,80-76-O-1-16S,80,eye,16S,2018-2019,79-O-1,79,79,1,D,D_79,Clay,1097.611556,-0.357375167
S126.76.O.3.16S_000000000.J58CV,126-76-O-3-16S,126,eye,16S,2018-2019,79-O-4,79,79,4,D,D_79,Clay,1097.611556,-0.357375167
S132.76.O.4.16S_000000000.J58CV,132-76-O-4-16S,132,eye,16S,2018-2019,79-O-3,79,79,3,D,D_79,Clay,1097.611556,-0.357375167
S151.76.O.2.16S_000000000.J52V7,151-76-O-2-16S,151,eye,16S,2018-2019,79-O-2,79,79,2,D,D_79,Clay,1097.611556,-0.357375167
S16.80.O.4.16S_000000000.J59B3,16-80-O-4-16S,16,eye,16S,2018-2019,80-O-4,80,80,4,D,D_80,Clay,1152.538953,0.100208072
S49.80.O.2.16S_000000000.J53BN,49-80-O-2-16S,49,eye,16S,2018-2019,80-O-2,80,80,2,D,D_80,Clay,1152.538953,0.100208072
S88.80.O.3.16S_000000000.J53BN,88-80-O-3-16S,88,eye,16S,2018-2019,80-O-3,80,80,3,D,D_80,Clay,1152.538953,0.100208072
S110.80.O.1.16S_000000000.J58CV,110-80-O-1-16S,110,eye,16S,2018-2019,80-O-1,80,80,1,D,D_80,Clay,1152.538953,0.100208072
S20.86.O.3.16S_000000000.J59B3,20-86-O-3-16S,20,eye,16S,2018-2019,86-O-3,86,86,3,D,D_86,Clay,1329.347051,1.573141918
S93.86.O.4.16S_000000000.J53BN,93-86-O-4-16S,93,eye,16S,2018-2019,86-O-4,86,86,4,D,D_86,Clay,1329.347051,1.573141918
S139.86.O.1.16S_000000000.J58CV,139-86-O-1-16S,139,eye,16S,2018-2019,86-O-1,86,86,1,D,D_86,Clay,1329.347051,1.573141918
28.86.2.O.16S_000000000.J99GR,28_86_2_O_16S,W28,eye,16S,2018-2019,86-O-2,86,86,2,D,D_86,Clay,1329.347051,1.573141918
S67.88.O.2.16S_000000000.J53BN,67-88-O-2-16S,67,eye,16S,2018-2019,88-O-2,88,88,2,D,D_88,Clay,1354.034032,1.778801556
S152.88.O.3.16S_000000000.J52V7,152-88-O-3-16S,152,eye,16S,2018-2019,88-O-3,88,88,3,D,D_88,Clay,1354.034032,1.778801556
S190.88.O.1.16S_000000000.J52V7,190-88-O-1-16S,190,eye,16S,2018-2019,88-O-1,88,88,1,D,D_88,Clay,1354.034032,1.778801556
40.88.4.O.16S_000000000.J99GR,40_88_4_O_16S,W40,eye,16S,2018-2019,88-O-4,88,88,4,D,D_88,Clay,1354.034032,1.778801556
S66.89.O.3.16S_000000000.J53BN,66-89-O-3-16S,66,eye,16S,2018-2019,89-O-3,89,89,3,D,D_89,Clay,886.6378578,-2.114932115
S113.89.O.4.16S_000000000.J58CV,113-89-O-4-16S,113,eye,16S,2018-2019,89-O-4,89,89,4,D,D_89,Clay,886.6378578,-2.114932115
S128.89.O.1.16S_000000000.J58CV,128-89-O-1-16S,128,eye,16S,2018-2019,89-O-1,89,89,1,D,D_89,Clay,886.6378578,-2.114932115
S182.89.O.2.16S_000000000.J52V7,182-89-O-2-16S,182,eye,16S,2018-2019,89-O-2,89,89,2,D,D_89,Clay,886.6378578,-2.114932115
S30.100.O.1.16S_000000000.J59B3,30-100-O-1-16S,30,eye,16S,2018-2019,100-O-1,100,100,1,E,E_100,Clay,1607.502975,1.988953313
S32.100.O.4.16S_000000000.J59B3,32-100-O-4-16S,32,eye,16S,2018-2019,100-O-4,100,100,4,E,E_100,Clay,1607.502975,1.988953313
S58.100.O.3.16S_000000000.J53BN,58-100-O-3-16S,58,eye,16S,2018-2019,100-O-3,100,100,3,E,E_100,Clay,1607.502975,1.988953313
S63.100.O.2.16S_000000000.J53BN,63-100-O-2-16S,63,eye,16S,2018-2019,100-O-2,100,100,2,E,E_100,Clay,1607.502975,1.988953313
S11.103.O.1.16S_000000000.J59B3,11-103-O-1-16S,11,eye,16S,2018-2019,103-O-1,103,103,1,E,E_103,Clay,1383.346606,0.258089341
S141.103.O.2.16S_000000000.J58CV,141-103-O-2-16S,141,eye,16S,2018-2019,103-O-2,103,103,2,E,E_103,Clay,1383.346606,0.258089341
S184.103.O.4.16S_000000000.J52V7,184-103-O-4-16S,184,eye,16S,2018-2019,103-O-4,103,103,4,E,E_103,Clay,1383.346606,0.258089341
43.103.3.O.16S_000000000.J99GR,43_103_3_O_16S,W43,eye,16S,2018-2019,103-O-3,103,103,3,E,E_103,Clay,1383.346606,0.258089341
S10.104.O.1.16S_000000000.J59B3,10-104-O-1-16S,10,eye,16S,2018-2019,104-O-1,104,104,1,E,E_104,Clay,1486.681376,1.056007466
S26.104.O.3.16S_000000000.J59B3,26-104-O-3-16S,26,eye,16S,2018-2019,104-O-3,104,104,3,E,E_104,Clay,1486.681376,1.056007466
S154.104.O.2.16S_000000000.J52V7,154-104-O-2-16S,154,eye,16S,2018-2019,104-O-2,104,104,2,E,E_104,Clay,1486.681376,1.056007466
S171.107.O.1.16S_000000000.J52V7,171-107-O-1-16S,171,eye,16S,2018-2019,107-O-1,107,107,1,E,E_107,Clay,1194.914618,-1.196922352
S174.107.O.2.16S_000000000.J52V7,174-107-O-2-16S,174,eye,16S,2018-2019,107-O-2,107,107,2,E,E_107,Clay,1194.914618,-1.196922352
S178.107.O.4.16S_000000000.J52V7,178-107-O-4-16S,178,eye,16S,2018-2019,107-O-4,107,107,4,E,E_107,Clay,1194.914618,-1.196922352
68.107.3.O.16S_000000000.JCCFG,68-107-3-O-16S,X68,eye,16S,2018-2019,107-O-3,107,107,3,E,E_107,Clay,1194.914618,-1.196922352
S108.115.O.1.16S_000000000.J58CV,108-115-O-1-16S,108,eye,16S,2018-2019,115-O-1,115,115,1,E,E_115,Clay,1382.518614,0.251695855
S146.115.O.3.16S_000000000.J52V7,146-115-O-3-16S,146,eye,16S,2018-2019,115-O-3,115,115,3,E,E_115,Clay,1382.518614,0.251695855
S163.115.O.2.16S_000000000.J52V7,163-115-O-2-16S,163,eye,16S,2018-2019,115-O-2,115,115,2,E,E_115,Clay,1382.518614,0.251695855
53.115.4.O.16S_000000000.JCCFG,53-115-4-O-16S,X53,eye,16S,2018-2019,115-O-4,115,115,4,E,E_115,Clay,1382.518614,0.251695855
S52.117.O.2.16S_000000000.J53BN,52-117-O-2-16S,52,eye,16S,2018-2019,117-O-2,117,117,2,E,E_117,Clay,1568.161815,1.685173424
S99.117.O.4.16S_000000000.J58CV,99-117-O-4-16S,99,eye,16S,2018-2019,117-O-4,117,117,4,E,E_117,Clay,1568.161815,1.685173424
S169.117.O.3.16S_000000000.J52V7,169-117-O-3-16S,169,eye,16S,2018-2019,117-O-3,117,117,3,E,E_117,Clay,1568.161815,1.685173424
21.117.1.O.16S_000000000.J99GR,21_117_1_O_16S,W21,eye,16S,2018-2019,117-O-1,117,117,1,E,E_117,Clay,1568.161815,1.685173424
S161.91.O.1.16S_000000000.J52V7,161-91-O-1-16S,161,eye,16S,2018-2019,91-O-1,91,91,1,E,E_91,Clay,1180.7402,-1.306372689
S176.91.O.3.16S_000000000.J52V7,176-91-O-3-16S,176,eye,16S,2018-2019,91-O-3,91,91,3,E,E_91,Clay,1180.7402,-1.306372689
S181.91.O.4.16S_000000000.J52V7,181-91-O-4-16S,181,eye,16S,2018-2019,91-O-4,91,91,4,E,E_91,Clay,1180.7402,-1.306372689
S188.91.O.2.16S_000000000.J52V7,188-91-O-2-16S,188,eye,16S,2018-2019,91-O-2,91,91,2,E,E_91,Clay,1180.7402,-1.306372689
S83.96.O.4.16S_000000000.J53BN,83-96-O-4-16S,83,eye,16S,2018-2019,96-O-4,96,96,4,E,E_96,Clay,1162.057117,-1.450637491
S114.96.O.1.16S_000000000.J58CV,114-96-O-1-16S,114,eye,16S,2018-2019,96-O-1,96,96,1,E,E_96,Clay,1162.057117,-1.450637491
S115.96.O.2.16S_000000000.J58CV,115-96-O-2-16S,115,eye,16S,2018-2019,96-O-2,96,96,2,E,E_96,Clay,1162.057117,-1.450637491
S157.96.O.3.16S_000000000.J52V7,157-96-O-3-16S,157,eye,16S,2018-2019,96-O-3,96,96,3,E,E_96,Clay,1162.057117,-1.450637491
S5.98.O.1.16S_000000000.J59B3,5-98-O-1-16S,5,eye,16S,2018-2019,98-O-1,98,98,1,E,E_98,Clay,1157.480646,-1.485975546
S6.98.O.4.16S_000000000.J59B3,6-98-O-4-16S,6,eye,16S,2018-2019,98-O-4,98,98,4,E,E_98,Clay,1157.480646,-1.485975546
S81.98.O.3.16S_000000000.J53BN,81-98-O-3-16S,81,eye,16S,2018-2019,98-O-3,98,98,3,E,E_98,Clay,1157.480646,-1.485975546
S125.98.O.2.16S_000000000.J58CV,125-98-O-2-16S,125,eye,16S,2018-2019,98-O-2,98,98,2,E,E_98,Clay,1157.480646,-1.485975546
12.122.3.O.16S_000000000.J99GR,12_122_3_O_16S,W12,eye,16S,2018-2019,122-O-3,122,202,3,F,F_122,Clay,1143.60395,-1.500772045
38.122.4.O.16S_000000000.J99GR,38_122_4_O_16S,W38,eye,16S,2018-2019,122-O-4,122,202,4,F,F_122,Clay,1143.60395,-1.500772045
8.122.1.O.16S_000000000.J99GR,8_122_1_O_16S,W8,eye,16S,2018-2019,122-O-1,122,202,1,F,F_122,Clay,1143.60395,-1.500772045
56.122.2.O.16S_000000000.JCCFG,56-122-2-O-16S,X56,eye,16S,2018-2019,122-O-2,122,202,2,F,F_122,Clay,1143.60395,-1.500772045
S21.125.O.3.16S_000000000.J59B3,21-125-O-3-16S,21,eye,16S,2018-2019,125-O-3,125,205,3,F,F_125,Clay,1355.895073,-0.172616263
S74.125.O.2.16S_000000000.J53BN,74-125-O-2-16S,74,eye,16S,2018-2019,125-O-2,125,205,2,F,F_125,Clay,1355.895073,-0.172616263
S143.125.O.4.16S_000000000.J58CV,143-125-O-4-16S,143,eye,16S,2018-2019,125-O-4,125,205,4,F,F_125,Clay,1355.895073,-0.172616263
S149.125.O.1.16S_000000000.J52V7,149-125-O-1-16S,149,eye,16S,2018-2019,125-O-1,125,205,1,F,F_125,Clay,1355.895073,-0.172616263
S53.137.O.4.16S_000000000.J53BN,53-137-O-4-16S,53,eye,16S,2018-2019,137-O-4,137,217,4,F,F_137,Clay,1156.501321,-1.420082295
R16.137.O.1.16S_000000000.JCCFG,R16-137-O-1-16S,R16,eye,16S,2018-2019,137-O-1,137,217,1,F,F_137,Clay,1156.501321,-1.420082295
R17.137.O.2.16S_000000000.JCCFG,R17-137-O-2-16S,R17,eye,16S,2018-2019,137-O-2,137,217,2,F,F_137,Clay,1156.501321,-1.420082295
R19.137.O.3.16S_000000000.JCCFG,R19-137-O-3-16S,R19,eye,16S,2018-2019,137-O-3,137,217,3,F,F_137,Clay,1156.501321,-1.420082295
S27.139.O.4.16S_000000000.J59B3,27-139-O-4-16S,27,eye,16S,2018-2019,139-O-4,139,219,4,F,F_139,Sand,1422.217659,0.242317369
S41.139.O.2.16S_000000000.J59B3,41-139-O-2-16S,41,eye,16S,2018-2019,139-O-2,139,219,2,F,F_139,Sand,1422.217659,0.242317369
S47.139.O.1.16S_000000000.J59B3,47-139-O-1-16S,47,eye,16S,2018-2019,139-O-1,139,219,1,F,F_139,Sand,1422.217659,0.242317369
33.139.3.O.16S_000000000.J99GR,33_139_3_O_16S,W33,eye,16S,2018-2019,139-O-3,139,219,3,F,F_139,Sand,1422.217659,0.242317369
S19.149.O.4.16S_000000000.J59B3,19-149-O-4-16S,19,eye,16S,2018-2019,149-O-4,149,229,4,F,F_149,Sand,1641.428323,1.613763835
S40.149.O.1.16S_000000000.J59B3,40-149-O-1-16S,40,eye,16S,2018-2019,149-O-1,149,229,1,F,F_149,Sand,1641.428323,1.613763835
S140.149.O.2.16S_000000000.J58CV,140-149-O-2-16S,140,eye,16S,2018-2019,149-O-2,149,229,2,F,F_149,Sand,1641.428323,1.613763835
R18.149.O.3.16S_000000000.JCCFG,R18-149-O-3-16S,R18,eye,16S,2018-2019,149-O-3,149,229,3,F,F_149,Sand,1641.428323,1.613763835
3.151.1.O.16S_000000000.J99GR,3_151_1_O_16S,W3,eye,16S,2018-2019,151-O-1,151,231,1,F,F_151,Sand,1152.166865,-1.447199925
49.151.3.O.16S_000000000.JCCFG,49-151-3-O-16S,X49,eye,16S,2018-2019,151-O-3,151,231,3,F,F_151,Sand,1152.166865,-1.447199925
51.151.4.O.16S_000000000.JCCFG,51-151-4-O-16S,X51,eye,16S,2018-2019,151-O-4,151,231,4,F,F_151,Sand,1152.166865,-1.447199925
54.151.2.O.16S_000000000.JCCFG,54-151-2-O-16S,X54,eye,16S,2018-2019,151-O-2,151,231,2,F,F_151,Sand,1152.166865,-1.447199925
S62.152.O.1.16S_000000000.J53BN,62-152-O-1-16S,62,eye,16S,2018-2019,152-O-1,152,232,1,F,F_152,Sand,1191.557709,-1.200759205
S109.152.O.4.16S_000000000.J58CV,109-152-O-4-16S,109,eye,16S,2018-2019,152-O-4,152,232,4,F,F_152,Sand,1191.557709,-1.200759205
S129.152.O.3.16S_000000000.J58CV,129-152-O-3-16S,129,eye,16S,2018-2019,152-O-3,152,232,3,F,F_152,Sand,1191.557709,-1.200759205
S168.152.O.2.16S_000000000.J52V7,168-152-O-2-16S,168,eye,16S,2018-2019,152-O-2,152,232,2,F,F_152,Sand,1191.557709,-1.200759205
S17.157.O.4.16S_000000000.J59B3,17-157-O-4-16S,17,eye,16S,2018-2019,157-O-4,157,237,4,F,F_157,Sand,1596.676388,1.333782552
S39.157.O.3.16S_000000000.J59B3,39-157-O-3-16S,39,eye,16S,2018-2019,157-O-3,157,237,3,F,F_157,Sand,1596.676388,1.333782552
S55.157.O.2.16S_000000000.J53BN,55-157-O-2-16S,55,eye,16S,2018-2019,157-O-2,157,237,2,F,F_157,Sand,1596.676388,1.333782552
26.157.1.O.16S_000000000.J99GR,26_157_1_O_16S,W26,eye,16S,2018-2019,157-O-1,157,237,1,F,F_157,Sand,1596.676388,1.333782552
S7.158.O.3.16S_000000000.J59B3,7-158-O-3-16S,7,eye,16S,2018-2019,158-O-3,158,238,3,F,F_158,Sand,1607.445524,1.401157442
S33.158.O.2.16S_000000000.J59B3,33-158-O-2-16S,33,eye,16S,2018-2019,158-O-2,158,238,2,F,F_158,Sand,1607.445524,1.401157442
S111.158.O.1.16S_000000000.J58CV,111-158-O-1-16S,111,eye,16S,2018-2019,158-O-1,158,238,1,F,F_158,Sand,1607.445524,1.401157442
R20.158.O.4.16S_000000000.JCCFG,R20-158-O-4-16S,R20,eye,16S,2018-2019,158-O-4,158,238,4,F,F_158,Sand,1607.445524,1.401157442
18.181.2.O.16S_000000000.J99GR,18_181_2_O_16S,W18,eye,16S,2018-2019,181-O-2,144,224,2,F,F_144,Sand,1520.326801,0.85611705
42.181.4.O.16S_000000000.J99GR,42_181_4_O_16S,W42,eye,16S,2018-2019,181-O-4,144,224,4,F,F_144,Sand,1520.326801,0.85611705
59.181.3.O.16S_000000000.JCCFG,59-181-3-O-16S,X59,eye,16S,2018-2019,181-O-3,144,224,3,F,F_144,Sand,1520.326801,0.85611705
63.181.1.O.16S_000000000.JCCFG,63-181-1-O-16S,X63,eye,16S,2018-2019,181-O-1,144,224,1,F,F_144,Sand,1520.326801,0.85611705
10.183.3.O.16S_000000000.J99GR,10_183_3_O_16S,W10,eye,16S,2018-2019,183-O-3,170,250,3,C,C_170,Clay,993.6235581,-0.224541725
19.183.1.O.16S_000000000.J99GR,19_183_1_O_16S,W19,eye,16S,2018-2019,183-O-1,170,250,1,C,C_170,Clay,993.6235581,-0.224541725
31.183.4.O.16S_000000000.J99GR,31_183_4_O_16S,W31,eye,16S,2018-2019,183-O-4,170,250,4,C,C_170,Clay,993.6235581,-0.224541725
5.183.2.O.16S_000000000.J99GR,5_183_2_O_16S,W5,eye,16S,2018-2019,183-O-2,170,250,2,C,C_170,Clay,993.6235581,-0.224541725
HeelEye2019.1.12.E.16S_000000000.JMLM7,HeelEye2019-1-12-E-16S,337,Eye,16S,2019-2020,1-12-E,1,1,12,A,A_1,Clay,564.2576168,-1.598971264
HeelEye2019.1.34.E.16S_000000000.JKRF4,HeelEye2019-1-34-E-16S,191,Eye,16S,2019-2020,1-34-E,1,1,34,A,A_1,Clay,564.2576168,-1.598971264
HeelEye2019.10.12.E.16S_000000000.JLB35,HeelEye2019-10-12-E-16S,519,Eye,16S,2019-2020,10-12-E,10,10,12,A,A_10,Clay,682.2674831,0.222580378
HeelEye2019.10.34.E.16S_000000000.JMMDW,HeelEye2019-10-34-E-16S,465,Eye,16S,2019-2020,10-34-E,10,10,34,A,A_10,Clay,682.2674831,0.222580378
HeelEye2019.11.12.E.16S_000000000.JKRF4,HeelEye2019-11-12-E-16S,153,Eye,16S,2019-2020,11-12-E,11,11,12,A,A_11,Clay,779.6687345,1.726025939
HeelEye2019.11.34.E.16S_000000000.JLHG5,HeelEye2019-11-34-E-16S,307,Eye,16S,2019-2020,11-34-E,11,11,34,A,A_11,Clay,779.6687345,1.726025939
HeelEye2019.12.12.E.16S_000000000.JMM89,HeelEye2019-12-12-E-16S,211,Eye,16S,2019-2020,12-12-E,12,12,12,A,A_12,Clay,697.4083009,0.4562878
HeelEye2019.12.34.E.16S_000000000.JLHG5,HeelEye2019-12-34-E-16S,317,Eye,16S,2019-2020,12-34-E,12,12,34,A,A_12,Clay,697.4083009,0.4562878
HeelEye2019.13.12.E.16S_000000000.JMLN7,HeelEye2019-13-12-E-16S,535,Eye,16S,2019-2020,13-12-E,13,13,12,A,A_13,Clay,555.4822354,-1.734424434
HeelEye2019.13.34.E.16S_000000000.JMMDW,HeelEye2019-13-34-E-16S,438,Eye,16S,2019-2020,13-34-E,13,13,34,A,A_13,Clay,555.4822354,-1.734424434
HeelEye2019.14.12.E.16S_000000000.JLB35,HeelEye2019-14-12-E-16S,497,Eye,16S,2019-2020,14-12-E,14,14,12,A,A_14,Clay,612.5576793,-0.853431414
HeelEye2019.14.34.E.16S_000000000.JLBMN,HeelEye2019-14-34-E-16S,409,Eye,16S,2019-2020,14-34-E,14,14,34,A,A_14,Clay,612.5576793,-0.853431414
HeelEye2019.15.12.E.16S_000000000.JLHG5,HeelEye2019-15-12-E-16S,332,Eye,16S,2019-2020,15-12-E,15,15,12,A,A_15,Clay,679.5189477,0.18015512
HeelEye2019.15.34.E.16S_000000000.JFHYF,HeelEye2019-15-34-E-16S,23,Eye,16S,2019-2020,15-34-E,15,15,34,A,A_15,Clay,679.5189477,0.18015512
HeelEye2019.16.12.E.16S_000000000.JMM89,HeelEye2019-16-12-E-16S,196,Eye,16S,2019-2020,16-12-E,16,16,12,A,A_16,Clay,614.2237168,-0.827715145
HeelEye2019.16.34.E.16S_000000000.JK6WL,HeelEye2019-16-34-E-16S,703,Eye,16S,2019-2020,16-34-E,16,16,34,A,A_16,Clay,614.2237168,-0.827715145
HeelEye2019.17.12.E.16S_000000000.JKP74,HeelEye2019-17-12-E-16S,272,Eye,16S,2019-2020,17-12-E,17,17,12,A,A_17,Clay,680.1135392,0.189332988
HeelEye2019.17.34.E.16S_000000000.JH6L7,HeelEye2019-17-34-E-16S,66,Eye,16S,2019-2020,17-34-E,17,17,34,A,A_17,Clay,680.1135392,0.189332988
HeelEye2019.18.12.E.16S_000000000.JMLM7,HeelEye2019-18-12-E-16S,354,Eye,16S,2019-2020,18-12-E,18,18,12,A,A_18,Clay,706.3345714,0.59407003
HeelEye2019.18.34.E.16S_000000000.JK6WL,HeelEye2019-18-34-E-16S,692,Eye,16S,2019-2020,18-34-E,18,18,34,A,A_18,Clay,706.3345714,0.59407003
HeelEye2019.19.12.E.16S_000000000.JH6L7,HeelEye2019-19-12-E-16S,81,Eye,16S,2019-2020,19-12-E,19,19,12,A,A_19,Clay,660.4377499,-0.114374384
HeelEye2019.19.34.E.16S_000000000.JMHTR,HeelEye2019-19-34-E-16S,647,Eye,16S,2019-2020,19-34-E,19,19,34,A,A_19,Clay,660.4377499,-0.114374384
HeelEye2019.2.12.E.16S_000000000.JKP3P,HeelEye2019-2-12-E-16S,130,Eye,16S,2019-2020,2-12-E,2,2,12,A,A_2,Clay,572.8269688,-1.46669828
HeelEye2019.2.3.E.16S_000000000.JKP74,HeelEye2019-2-3-E-16S,251,Eye,16S,2019-2020,2-3-E,2,2,3,A,A_2,Clay,572.8269688,-1.46669828
HeelEye2019.20.12.E.16S_000000000.JKP3P,HeelEye2019-20-12-E-16S,104,Eye,16S,2019-2020,20-12-E,20,20,12,A,A_20,Clay,616.3627331,-0.794698172
HeelEye2019.20.34.E.16S_000000000.JLBMN,HeelEye2019-20-34-E-16S,408,Eye,16S,2019-2020,20-34-E,20,20,34,A,A_20,Clay,616.3627331,-0.794698172
HeelEye2019.21.12.E.16S_000000000.JMMDW,HeelEye2019-21-12-E-16S,461,Eye,16S,2019-2020,21-12-E,21,21,12,A,A_21,Clay,560.7407455,-1.65325624
HeelEye2019.21.34.E.16S_000000000.JKP3P,HeelEye2019-21-34-E-16S,135,Eye,16S,2019-2020,21-34-E,21,21,34,A,A_21,Clay,560.7407455,-1.65325624
HeelEye2019.22.12.E.16S_000000000.JKP3P,HeelEye2019-22-12-E-16S,120,Eye,16S,2019-2020,22-12-E,22,22,12,A,A_22,Clay,625.2111257,-0.658118031
HeelEye2019.22.34.E.16S_000000000.JFHYF,HeelEye2019-22-34-E-16S,1,Eye,16S,2019-2020,22-34-E,22,22,34,A,A_22,Clay,625.2111257,-0.658118031
HeelEye2019.23.12.E.16S_000000000.JMHTR,HeelEye2019-23-12-E-16S,667,Eye,16S,2019-2020,23-12-E,23,23,12,A,A_23,Clay,742.5286273,1.152746557
HeelEye2019.23.34.E.16S_000000000.JMMDW,HeelEye2019-23-34-E-16S,472,Eye,16S,2019-2020,23-34-E,23,23,34,A,A_23,Clay,742.5286273,1.152746557
HeelEye2019.24.12.E.16S_000000000.JFHYF,HeelEye2019-24-12-E-16S,19,Eye,16S,2019-2020,24-12-E,24,24,12,A,A_24,Clay,659.559387,-0.12793243
HeelEye2019.24.34.E.16S_000000000.JFHYF,HeelEye2019-24-34-E-16S,16,Eye,16S,2019-2020,24-34-E,24,24,34,A,A_24,Clay,659.559387,-0.12793243
HeelEye2019.25.12.E.16S_000000000.JMMDW,HeelEye2019-25-12-E-16S,474,Eye,16S,2019-2020,25-12-E,25,25,12,A,A_25,Clay,632.0742315,-0.552181959
HeelEye2019.25.34.E.16S_000000000.JLHG5,HeelEye2019-25-34-E-16S,291,Eye,16S,2019-2020,25-34-E,25,25,34,A,A_25,Clay,632.0742315,-0.552181959
HeelEye2019.27.12.E.16S_000000000.JLHG5,HeelEye2019-27-12-E-16S,295,Eye,16S,2019-2020,27-12-E,27,27,12,A,A_27,Clay,752.613082,1.308406041
HeelEye2019.27.34.E.16S_000000000.JLB35,HeelEye2019-27-34-E-16S,513,Eye,16S,2019-2020,27-34-E,27,27,34,A,A_27,Clay,752.613082,1.308406041
HeelEye2019.28.12.E.16S_000000000.JLBCC,HeelEye2019-28-12-E-16S,614,Eye,16S,2019-2020,28-12-E,28,28,12,A,A_28,Clay,760.559055,1.431056804
HeelEye2019.28.34.E.16S_000000000.JLHG5,HeelEye2019-28-34-E-16S,319,Eye,16S,2019-2020,28-34-E,28,28,34,A,A_28,Clay,760.559055,1.431056804
HeelEye2019.29.12.E.16S_000000000.JMHR7,HeelEye2019-29-12-E-16S,675,Eye,16S,2019-2020,29-12-E,29,29,12,A,A_29,Clay,763.8881104,1.482442731
HeelEye2019.29.34.E.16S_000000000.JFHYF,HeelEye2019-29-34-E-16S,6,Eye,16S,2019-2020,29-34-E,29,29,34,A,A_29,Clay,763.8881104,1.482442731
HeelEye2019.3.12.E.16S_000000000.JKRF4,HeelEye2019-3-12-E-16S,186,Eye,16S,2019-2020,3-12-E,3,3,12,A,A_3,Clay,662.618751,-0.080709349
HeelEye2019.3.34.E.16S_000000000.JFHYF,HeelEye2019-3-34-E-16S,40,Eye,16S,2019-2020,3-34-E,3,3,34,A,A_3,Clay,662.618751,-0.080709349
HeelEye2019.30.12.E.16S_000000000.JMM89,HeelEye2019-30-12-E-16S,225,Eye,16S,2019-2020,30-12-E,30,30,12,A,A_30,Clay,754.3442558,1.335127726
HeelEye2019.30.34.E.16S_000000000.JMLM7,HeelEye2019-30-34-E-16S,381,Eye,16S,2019-2020,30-34-E,30,30,34,A,A_30,Clay,754.3442558,1.335127726
HeelEye2019.4.12.E.16S_000000000.JMM89,HeelEye2019-4-12-E-16S,240,Eye,16S,2019-2020,4-12-E,4,4,12,A,A_4,Clay,613.1602543,-0.844130315
HeelEye2019.4.34.E.16S_000000000.JKRF4,HeelEye2019-4-34-E-16S,160,Eye,16S,2019-2020,4-34-E,4,4,34,A,A_4,Clay,613.1602543,-0.844130315
HeelEye2019.5.12.E.16S_000000000.JK6WL,HeelEye2019-5-12-E-16S,697,Eye,16S,2019-2020,5-12-E,5,5,12,A,A_5,Clay,671.7116013,0.059644139
HeelEye2019.5.34.E.16S_000000000.JK6WL,HeelEye2019-5-34-E-16S,705,Eye,16S,2019-2020,5-34-E,5,5,34,A,A_5,Clay,671.7116013,0.059644139
HeelEye2019.6.12.E.16S_000000000.JH6L7,HeelEye2019-6-12-E-16S,76,Eye,16S,2019-2020,6-12-E,6,6,12,A,A_6,Clay,675.634897,0.120202514
HeelEye2019.6.34.E.16S_000000000.JKP3P,HeelEye2019-6-34-E-16S,140,Eye,16S,2019-2020,6-34-E,6,6,34,A,A_6,Clay,675.634897,0.120202514
HeelEye2019.7.12.E.16S_000000000.JMMDW,HeelEye2019-7-12-E-16S,463,Eye,16S,2019-2020,7-12-E,7,7,12,A,A_7,Clay,635.5499741,-0.49853183
HeelEye2019.7.34.E.16S_000000000.JLB35,HeelEye2019-7-34-E-16S,528,Eye,16S,2019-2020,7-34-E,7,7,34,A,A_7,Clay,635.5499741,-0.49853183
HeelEye2019.8.12.E.16S_000000000.JLHG5,HeelEye2019-8-12-E-16S,305,Eye,16S,2019-2020,8-12-E,8,8,12,A,A_8,Clay,676.2581683,0.129823073
HeelEye2019.8.34.E.16S_000000000.JH6L7,HeelEye2019-8-34-E-16S,82,Eye,16S,2019-2020,8-34-E,8,8,34,A,A_8,Clay,676.2581683,0.129823073
HeelEye2019.9.12.E.16S_000000000.JMHTR,HeelEye2019-9-12-E-16S,670,Eye,16S,2019-2020,9-12-E,9,9,12,A,A_9,Clay,759.6659631,1.417271407
HeelEye2019.9.34.E.16S_000000000.JMM89,HeelEye2019-9-34-E-16S,239,Eye,16S,2019-2020,9-34-E,9,9,34,A,A_9,Clay,759.6659631,1.417271407
HeelEye2019.31.12.E.16S_000000000.JMHTR,HeelEye2019-31-12-E-16S,657,Eye,16S,2019-2020,31-12-E,31,31,12,B,B_31,Clay,1605.144233,1.34463196
HeelEye2019.31.34.E.16S_000000000.JLBCC,HeelEye2019-31-34-E-16S,603,Eye,16S,2019-2020,31-34-E,31,31,34,B,B_31,Clay,1605.144233,1.34463196
HeelEye2019.33.12.E.16S_000000000.JLBMN,HeelEye2019-33-12-E-16S,431,Eye,16S,2019-2020,33-12-E,33,33,12,B,B_33,Clay,1580.025524,1.160748916
HeelEye2019.33.34.E.16S_000000000.JMLN7,HeelEye2019-33-34-E-16S,531,Eye,16S,2019-2020,33-34-E,33,33,34,B,B_33,Clay,1580.025524,1.160748916
HeelEye2019.34.12.E.16S_000000000.JKP3P,HeelEye2019-34-12-E-16S,111,Eye,16S,2019-2020,34-12-E,34,34,12,B,B_34,Clay,1293.418276,-0.937376976
HeelEye2019.34.34.E.16S_000000000.JKP3P,HeelEye2019-34-34-E-16S,139,Eye,16S,2019-2020,34-34-E,34,34,34,B,B_34,Clay,1293.418276,-0.937376976
HeelEye2019.35.12.E.16S_000000000.JMMDW,HeelEye2019-35-12-E-16S,447,Eye,16S,2019-2020,35-12-E,35,35,12,B,B_35,Clay,1523.0684,0.743790803
HeelEye2019.35.34.E.16S_000000000.JH6L7,HeelEye2019-35-34-E-16S,52,Eye,16S,2019-2020,35-34-E,35,35,34,B,B_35,Clay,1523.0684,0.743790803
HeelEye2019.36.12.E.16S_000000000.JMHTR,HeelEye2019-36-12-E-16S,666,Eye,16S,2019-2020,36-12-E,36,36,12,B,B_36,Clay,1489.797935,0.500232332
HeelEye2019.36.34.E.16S_000000000.JMHTR,HeelEye2019-36-34-E-16S,662,Eye,16S,2019-2020,36-34-E,36,36,34,B,B_36,Clay,1489.797935,0.500232332
HeelEye2019.37.12.E.16S_000000000.JMHTR,HeelEye2019-37-12-E-16S,648,Eye,16S,2019-2020,37-12-E,37,37,12,B,B_37,Clay,1559.47028,1.010272989
HeelEye2019.37.34.E.16S_000000000.JK6WL,HeelEye2019-37-34-E-16S,706,Eye,16S,2019-2020,37-34-E,37,37,34,B,B_37,Clay,1559.47028,1.010272989
HeelEye2019.38.12.E.16S_000000000.JMM89,HeelEye2019-38-12-E-16S,233,Eye,16S,2019-2020,38-12-E,38,38,12,B,B_38,Clay,1355.031854,-0.486331008
HeelEye2019.38.34.E.16S_000000000.JKP74,HeelEye2019-38-34-E-16S,262,Eye,16S,2019-2020,38-34-E,38,38,34,B,B_38,Clay,1355.031854,-0.486331008
HeelEye2019.39.12.E.16S_000000000.JLBCC,HeelEye2019-39-12-E-16S,609,Eye,16S,2019-2020,39-12-E,39,39,12,B,B_39,Clay,1320.2957,-0.74061915
HeelEye2019.39.34.E.16S_000000000.JMHTR,HeelEye2019-39-34-E-16S,671,Eye,16S,2019-2020,39-34-E,39,39,34,B,B_39,Clay,1320.2957,-0.74061915
HeelEye2019.40.12.E.16S_000000000.JMM89,HeelEye2019-40-12-E-16S,201,Eye,16S,2019-2020,40-12-E,40,40,12,B,B_40,Clay,1343.5496,-0.570387554
HeelEye2019.40.34.E.16S_000000000.JKP3P,HeelEye2019-40-34-E-16S,106,Eye,16S,2019-2020,40-34-E,40,40,34,B,B_40,Clay,1343.5496,-0.570387554
HeelEye2019.41.12.E.16S_000000000.JKRF4,HeelEye2019-41-12-E-16S,152,Eye,16S,2019-2020,41-12-E,41,41,12,B,B_41,Clay,1122.092563,-2.191577339
HeelEye2019.41.34.E.16S_000000000.JLBMN,HeelEye2019-41-34-E-16S,411,Eye,16S,2019-2020,41-34-E,41,41,34,B,B_41,Clay,1122.092563,-2.191577339
HeelEye2019.42.12.E.16S_000000000.JLBMN,HeelEye2019-42-12-E-16S,429,Eye,16S,2019-2020,42-12-E,42,42,12,B,B_42,Clay,1561.165406,1.022682269
HeelEye2019.42.4.E.16S_000000000.JMM89,HeelEye2019-42-4-E-16S,226,Eye,16S,2019-2020,42-4-E,42,42,4,B,B_42,Clay,1561.165406,1.022682269
HeelEye2019.43.12.E.16S_000000000.JLB35,HeelEye2019-43-12-E-16S,494,Eye,16S,2019-2020,43-12-E,43,43,12,B,B_43,Clay,1366.025394,-0.405852133
HeelEye2019.43.34.E.16S_000000000.JK6WL,HeelEye2019-43-34-E-16S,679,Eye,16S,2019-2020,43-34-E,43,43,34,B,B_43,Clay,1366.025394,-0.405852133
HeelEye2019.44.12.E.16S_000000000.JMLM7,HeelEye2019-44-12-E-16S,357,Eye,16S,2019-2020,44-12-E,44,44,12,B,B_44,Clay,1454.398688,0.241089978
HeelEye2019.44.34.E.16S_000000000.JMLM7,HeelEye2019-44-34-E-16S,340,Eye,16S,2019-2020,44-34-E,44,44,34,B,B_44,Clay,1454.398688,0.241089978
HeelEye2019.45.12.E.16S_000000000.JLB35,HeelEye2019-45-12-E-16S,517,Eye,16S,2019-2020,45-12-E,45,45,12,B,B_45,Clay,1391.347436,-0.220480575
HeelEye2019.45.34.E.16S_000000000.JH6L7,HeelEye2019-45-34-E-16S,79,Eye,16S,2019-2020,45-34-E,45,45,34,B,B_45,Clay,1391.347436,-0.220480575
HeelEye2019.46.12.E.16S_000000000.JMLN7,HeelEye2019-46-12-E-16S,574,Eye,16S,2019-2020,46-12-E,46,46,12,B,B_46,Clay,1459.383916,0.277584644
HeelEye2019.46.34.E.16S_000000000.JH6L7,HeelEye2019-46-34-E-16S,61,Eye,16S,2019-2020,46-34-E,46,46,34,B,B_46,Clay,1459.383916,0.277584644
HeelEye2019.47.12.E.16S_000000000.JMHTR,HeelEye2019-47-12-E-16S,626,Eye,16S,2019-2020,47-12-E,47,47,12,B,B_47,Clay,1448.885186,0.200728048
HeelEye2019.47.34.E.16S_000000000.JMMDW,HeelEye2019-47-34-E-16S,439,Eye,16S,2019-2020,47-34-E,47,47,34,B,B_47,Clay,1448.885186,0.200728048
HeelEye2019.48.12.E.16S_000000000.JMMDW,HeelEye2019-48-12-E-16S,471,Eye,16S,2019-2020,48-12-E,48,48,12,B,B_48,Clay,1474.26676,0.386535412
HeelEye2019.48.34.E.16S_000000000.JKRF4,HeelEye2019-48-34-E-16S,162,Eye,16S,2019-2020,48-34-E,48,48,34,B,B_48,Clay,1474.26676,0.386535412
HeelEye2019.49.12.E.16S_000000000.JFHYF,HeelEye2019-49-12-E-16S,5,Eye,16S,2019-2020,49-12-E,49,49,12,B,B_49,Clay,1517.823642,0.705396228
HeelEye2019.49.34.E.16S_000000000.JMM89,HeelEye2019-49-34-E-16S,206,Eye,16S,2019-2020,49-34-E,49,49,34,B,B_49,Clay,1517.823642,0.705396228
HeelEye2019.50.12.E.16S_000000000.JMM89,HeelEye2019-50-12-E-16S,213,Eye,16S,2019-2020,50-12-E,50,50,12,B,B_50,Clay,1408.387538,-0.095737466
HeelEye2019.50.34.E.16S_000000000.JKP3P,HeelEye2019-50-34-E-16S,126,Eye,16S,2019-2020,50-34-E,50,50,34,B,B_50,Clay,1408.387538,-0.095737466
HeelEye2019.51.12.E.16S_000000000.JLHG5,HeelEye2019-51-12-E-16S,301,Eye,16S,2019-2020,51-12-E,51,51,12,B,B_51,Clay,1167.827973,-1.856768474
HeelEye2019.51.34.E.16S_000000000.JMMDW,HeelEye2019-51-34-E-16S,442,Eye,16S,2019-2020,51-34-E,51,51,34,B,B_51,Clay,1167.827973,-1.856768474
HeelEye2019.52.12.E.16S_000000000.JKRF4,HeelEye2019-52-12-E-16S,187,Eye,16S,2019-2020,52-12-E,52,52,12,B,B_52,Clay,1107.924653,-2.295294391
HeelEye2019.52.34.E.16S_000000000.JMLN7,HeelEye2019-52-34-E-16S,554,Eye,16S,2019-2020,52-34-E,52,52,34,B,B_52,Clay,1107.924653,-2.295294391
HeelEye2019.53.12.E.16S_000000000.JLBCC,HeelEye2019-53-12-E-16S,584,Eye,16S,2019-2020,53-12-E,53,53,12,B,B_53,Clay,1477.237609,0.408283695
HeelEye2019.53.34.E.16S_000000000.JFHYF,HeelEye2019-53-34-E-16S,29,Eye,16S,2019-2020,53-34-E,53,53,34,B,B_53,Clay,1477.237609,0.408283695
HeelEye2019.54.12.E.16S_000000000.JLBCC,HeelEye2019-54-12-E-16S,589,Eye,16S,2019-2020,54-12-E,54,54,12,B,B_54,Clay,1507.103928,0.626921911
HeelEye2019.54.34.E.16S_000000000.JKRF4,HeelEye2019-54-34-E-16S,172,Eye,16S,2019-2020,54-34-E,54,54,34,B,B_54,Clay,1507.103928,0.626921911
HeelEye2019.55.12.E.16S_000000000.JLBCC,HeelEye2019-55-12-E-16S,585,Eye,16S,2019-2020,55-12-E,55,55,12,B,B_55,Clay,1217.615402,-1.492296551
HeelEye2019.55.34.E.16S_000000000.JMM89,HeelEye2019-55-34-E-16S,197,Eye,16S,2019-2020,55-34-E,55,55,34,B,B_55,Clay,1217.615402,-1.492296551
HeelEye2019.56.12.E.16S_000000000.JMHTR,HeelEye2019-56-12-E-16S,637,Eye,16S,2019-2020,56-12-E,56,56,12,B,B_56,Clay,1381.304292,-0.294002019
HeelEye2019.56.34.E.16S_000000000.JLBMN,HeelEye2019-56-34-E-16S,404,Eye,16S,2019-2020,56-34-E,56,56,34,B,B_56,Clay,1381.304292,-0.294002019
HeelEye2019.57.12.E.16S_000000000.JKP74,HeelEye2019-57-12-E-16S,281,Eye,16S,2019-2020,57-12-E,57,57,12,B,B_57,Clay,1671.025112,1.826916961
HeelEye2019.57.34.E.16S_000000000.JLBCC,HeelEye2019-57-34-E-16S,598,Eye,16S,2019-2020,57-34-E,57,57,34,B,B_57,Clay,1671.025112,1.826916961
HeelEye2019.58.12.E.16S_000000000.JMHTR,HeelEye2019-58-12-E-16S,656,Eye,16S,2019-2020,58-12-E,58,58,12,B,B_58,Clay,1421.080657,-0.002816708
HeelEye2019.58.34.E.16S_000000000.JMLM7,HeelEye2019-58-34-E-16S,383,Eye,16S,2019-2020,58-34-E,58,58,34,B,B_58,Clay,1421.080657,-0.002816708
HeelEye2019.59.12.E.16S_000000000.JH6L7,HeelEye2019-59-12-E-16S,63,Eye,16S,2019-2020,59-12-E,59,59,12,B,B_59,Clay,1571.702434,1.099819225
HeelEye2019.59.12.E.16S_000000000.JKP3P,HeelEye2019-59-12-E-16S,141,Eye,16S,2019-2020,59-12-E,59,59,12,B,B_59,Clay,1571.702434,1.099819225
HeelEye2019.59.34.E.16S_000000000.JKRF4,HeelEye2019-59-34-E-16S,161,Eye,16S,2019-2020,59-34-E,59,59,34,B,B_59,Clay,1571.702434,1.099819225
HeelEye2019.59.34.E.16S_000000000.JLBMN,HeelEye2019-59-34-E-16S,405,Eye,16S,2019-2020,59-34-E,59,59,34,B,B_59,Clay,1571.702434,1.099819225
HeelEye2019.60.12.E.16S_000000000.JLBMN,HeelEye2019-60-12-E-16S,386,Eye,16S,2019-2020,60-12-E,60,60,12,B,B_60,Sand,1421.170126,-0.002161747
HeelEye2019.60.4.E.16S_000000000.JLHG5,HeelEye2019-60-4-E-16S,310,Eye,16S,2019-2020,60-4-E,60,60,4,B,B_60,Sand,1421.170126,-0.002161747
HeelEye2019.151.12.E.16S_000000000.JMM89,HeelEye2019-151-12-E-16S,228,Eye,16S,2019-2020,151-12-E,151,151,12,C,C_151,Clay,361.2311034,-1.381666075
HeelEye2019.151.34.E.16S_000000000.JMMDW,HeelEye2019-151-34-E-16S,469,Eye,16S,2019-2020,151-34-E,151,151,34,C,C_151,Clay,361.2311034,-1.381666075
HeelEye2019.152.12.E.16S_000000000.JMMDW,HeelEye2019-152-12-E-16S,450,Eye,16S,2019-2020,152-12-E,152,152,12,C,C_152,Clay,417.2828317,-1.032365919
HeelEye2019.152.34.E.16S_000000000.JMM89,HeelEye2019-152-34-E-16S,216,Eye,16S,2019-2020,152-34-E,152,152,34,C,C_152,Clay,417.2828317,-1.032365919
HeelEye2019.153.12.E.16S_000000000.JH6L7,HeelEye2019-153-12-E-16S,64,Eye,16S,2019-2020,153-12-E,153,153,12,C,C_153,Clay,423.6188046,-0.992881743
HeelEye2019.153.34.E.16S_000000000.JMM89,HeelEye2019-153-34-E-16S,221,Eye,16S,2019-2020,153-34-E,153,153,34,C,C_153,Clay,423.6188046,-0.992881743
HeelEye2019.154.12.E.16S_000000000.JMLN7,HeelEye2019-154-12-E-16S,559,Eye,16S,2019-2020,154-12-E,154,154,12,C,C_154,Clay,491.2049027,-0.571702319
HeelEye2019.154.34.E.16S_000000000.JK6WL,HeelEye2019-154-34-E-16S,681,Eye,16S,2019-2020,154-34-E,154,154,34,C,C_154,Clay,491.2049027,-0.571702319
HeelEye2019.155.12.E.16S_000000000.JMHR7,HeelEye2019-155-12-E-16S,676,Eye,16S,2019-2020,155-12-E,155,155,12,C,C_155,Sand,580.0501522,-0.018041255
HeelEye2019.155.34.E.16S_000000000.JMMDW,HeelEye2019-155-34-E-16S,454,Eye,16S,2019-2020,155-34-E,155,155,34,C,C_155,Sand,580.0501522,-0.018041255
HeelEye2019.156.12.E.16S_000000000.JKRF4,HeelEye2019-156-12-E-16S,167,Eye,16S,2019-2020,156-12-E,156,156,12,C,C_156,Sand,637.7427618,0.341484458
HeelEye2019.156.34.E.16S_000000000.JMMDW,HeelEye2019-156-34-E-16S,437,Eye,16S,2019-2020,156-34-E,156,156,34,C,C_156,Sand,637.7427618,0.341484458
HeelEye2019.157.12.E.16S_000000000.JH6L7,HeelEye2019-157-12-E-16S,59,Eye,16S,2019-2020,157-12-E,157,157,12,C,C_157,Sand,604.1416148,0.132090631
HeelEye2019.157.34.E.16S_000000000.JMMDW,HeelEye2019-157-34-E-16S,446,Eye,16S,2019-2020,157-34-E,157,157,34,C,C_157,Sand,604.1416148,0.132090631
HeelEye2019.158.12.E.16S_000000000.JFHYF,HeelEye2019-158-12-E-16S,31,Eye,16S,2019-2020,158-12-E,158,158,12,C,C_158,Clay,422.1281223,-1.002171297
HeelEye2019.158.34.E.16S_000000000.JMMDW,HeelEye2019-158-34-E-16S,479,Eye,16S,2019-2020,158-34-E,158,158,34,C,C_158,Clay,422.1281223,-1.002171297
HeelEye2019.159.12.E.16S_000000000.JLB35,HeelEye2019-159-12-E-16S,523,Eye,16S,2019-2020,159-12-E,159,159,12,C,C_159,Sand,528.079564,-0.341908781
HeelEye2019.159.34.E.16S_000000000.JFHYF,HeelEye2019-159-34-E-16S,30,Eye,16S,2019-2020,159-34-E,159,159,34,C,C_159,Sand,528.079564,-0.341908781
HeelEye2019.160.12.E.16S_000000000.JFHYF,HeelEye2019-160-12-E-16S,15,Eye,16S,2019-2020,160-12-E,160,160,12,C,C_160,Clay,428.4695564,-0.962653087
HeelEye2019.160.34.E.16S_000000000.JK6WL,HeelEye2019-160-34-E-16S,700,Eye,16S,2019-2020,160-34-E,160,160,34,C,C_160,Clay,428.4695564,-0.962653087
HeelEye2019.161.12.E.16S_000000000.JMLM7,HeelEye2019-161-12-E-16S,349,Eye,16S,2019-2020,161-12-E,161,161,12,C,C_161,Clay,603.1674229,0.126019714
HeelEye2019.161.34.E.16S_000000000.JMM89,HeelEye2019-161-34-E-16S,200,Eye,16S,2019-2020,161-34-E,161,161,34,C,C_161,Clay,603.1674229,0.126019714
HeelEye2019.162.12.E.16S_000000000.JMM89,HeelEye2019-162-12-E-16S,218,Eye,16S,2019-2020,162-12-E,162,162,12,C,C_162,Clay,339.6051752,-1.516433376
HeelEye2019.162.34.E.16S_000000000.JLBCC,HeelEye2019-162-34-E-16S,618,Eye,16S,2019-2020,162-34-E,162,162,34,C,C_162,Clay,339.6051752,-1.516433376
HeelEye2019.163.12.E.16S_000000000.JMHTR,HeelEye2019-163-12-E-16S,638,Eye,16S,2019-2020,163-12-E,163,163,12,C,C_163,Sand,562.9123979,-0.124839393
HeelEye2019.163.34.E.16S_000000000.JH6L7,HeelEye2019-163-34-E-16S,95,Eye,16S,2019-2020,163-34-E,163,163,34,C,C_163,Sand,562.9123979,-0.124839393
HeelEye2019.164.12.E.16S_000000000.JLBMN,HeelEye2019-164-12-E-16S,399,Eye,16S,2019-2020,164-12-E,164,164,12,C,C_164,Sand,581.1357221,-0.011276258
HeelEye2019.164.34.E.16S_000000000.JMLN7,HeelEye2019-164-34-E-16S,568,Eye,16S,2019-2020,164-34-E,164,164,34,C,C_164,Sand,581.1357221,-0.011276258
HeelEye2019.165.12.E.16S_000000000.JKP74,HeelEye2019-165-12-E-16S,258,Eye,16S,2019-2020,165-12-E,165,165,12,C,C_165,Clay,579.1145579,-0.023871641
HeelEye2019.165.34.E.16S_000000000.JLB35,HeelEye2019-165-34-E-16S,486,Eye,16S,2019-2020,165-34-E,165,165,34,C,C_165,Clay,579.1145579,-0.023871641
HeelEye2019.166.12.E.16S_000000000.JLB35,HeelEye2019-166-12-E-16S,515,Eye,16S,2019-2020,166-12-E,166,166,12,C,C_166,Sand,483.6765373,-0.618617183
HeelEye2019.166.34.E.16S_000000000.JKP3P,HeelEye2019-166-34-E-16S,114,Eye,16S,2019-2020,166-34-E,166,166,34,C,C_166,Sand,483.6765373,-0.618617183
HeelEye2019.167.12.E.16S_000000000.JMM89,HeelEye2019-167-12-E-16S,208,Eye,16S,2019-2020,167-12-E,167,167,12,C,C_167,Sand,683.0051866,0.623548411
HeelEye2019.167.34.E.16S_000000000.JMMDW,HeelEye2019-167-34-E-16S,470,Eye,16S,2019-2020,167-34-E,167,167,34,C,C_167,Sand,683.0051866,0.623548411
HeelEye2019.168.12.E.16S_000000000.JKRF4,HeelEye2019-168-12-E-16S,171,Eye,16S,2019-2020,168-12-E,168,168,12,C,C_168,Sand,584.6229466,0.01045524
HeelEye2019.168.34.E.16S_000000000.JFHYF,HeelEye2019-168-34-E-16S,2,Eye,16S,2019-2020,168-34-E,168,168,34,C,C_168,Sand,584.6229466,0.01045524
HeelEye2019.169.12.E.16S_000000000.JKRF4,HeelEye2019-169-12-E-16S,192,Eye,16S,2019-2020,169-12-E,169,169,12,C,C_169,Sand,794.7331201,1.319808559
HeelEye2019.169.3.E.16S_000000000.JKRF4,HeelEye2019-169-3-E-16S,158,Eye,16S,2019-2020,169-3-E,169,169,3,C,C_169,Sand,794.7331201,1.319808559
HeelEye2019.170.12.E.16S_000000000.JMHTR,HeelEye2019-170-12-E-16S,655,Eye,16S,2019-2020,170-12-E,170,170,12,C,C_170,Sand,683.5976994,0.627240801
HeelEye2019.170.34.E.16S_000000000.JKP3P,HeelEye2019-170-34-E-16S,103,Eye,16S,2019-2020,170-34-E,170,170,34,C,C_170,Sand,683.5976994,0.627240801
HeelEye2019.171.12.E.16S_000000000.JMM89,HeelEye2019-171-12-E-16S,214,Eye,16S,2019-2020,171-12-E,171,171,12,C,C_171,Sand,261.7203338,-2.001791956
HeelEye2019.171.34.E.16S_000000000.JFHYF,HeelEye2019-171-34-E-16S,25,Eye,16S,2019-2020,171-34-E,171,171,34,C,C_171,Sand,261.7203338,-2.001791956
HeelEye2019.172.12.E.16S_000000000.JLB35,HeelEye2019-172-12-E-16S,489,Eye,16S,2019-2020,172-12-E,172,172,12,C,C_172,Sand,745.4606385,1.012754949
HeelEye2019.172.34.E.16S_000000000.JKRF4,HeelEye2019-172-34-E-16S,173,Eye,16S,2019-2020,172-34-E,172,172,34,C,C_172,Sand,745.4606385,1.012754949
HeelEye2019.173.12.E.16S_000000000.JMLM7,HeelEye2019-173-12-E-16S,380,Eye,16S,2019-2020,173-12-E,173,173,12,C,C_173,Sand,807.1674901,1.3972964
HeelEye2019.173.34.E.16S_000000000.JLBCC,HeelEye2019-173-34-E-16S,597,Eye,16S,2019-2020,173-34-E,173,173,34,C,C_173,Sand,807.1674901,1.3972964
HeelEye2019.174.12.E.16S_000000000.JLBMN,HeelEye2019-174-12-E-16S,416,Eye,16S,2019-2020,174-12-E,174,174,12,C,C_174,Clay,688.5837955,0.658312887
HeelEye2019.174.34.E.16S_000000000.JMM89,HeelEye2019-174-34-E-16S,193,Eye,16S,2019-2020,174-34-E,174,174,34,C,C_174,Clay,688.5837955,0.658312887
HeelEye2019.175.12.E.16S_000000000.JLHG5,HeelEye2019-175-12-E-16S,292,Eye,16S,2019-2020,175-12-E,175,175,12,C,C_175,Sand,392.8347273,-1.184720306
HeelEye2019.175.34.E.16S_000000000.JK6WL,HeelEye2019-175-34-E-16S,688,Eye,16S,2019-2020,175-34-E,175,175,34,C,C_175,Sand,392.8347273,-1.184720306
HeelEye2019.176.12.E.16S_000000000.JFHYF,HeelEye2019-176-12-E-16S,37,Eye,16S,2019-2020,176-12-E,176,176,12,C,C_176,Sand,763.3449517,1.124205453
HeelEye2019.176.34.E.16S_000000000.JMHTR,HeelEye2019-176-34-E-16S,634,Eye,16S,2019-2020,176-34-E,176,176,34,C,C_176,Sand,763.3449517,1.124205453
HeelEye2019.177.12.E.16S_000000000.JLBCC,HeelEye2019-177-12-E-16S,577,Eye,16S,2019-2020,177-12-E,177,177,12,C,C_177,Sand,706.9185799,0.772570614
HeelEye2019.177.34.E.16S_000000000.JMLN7,HeelEye2019-177-34-E-16S,563,Eye,16S,2019-2020,177-34-E,177,177,34,C,C_177,Sand,706.9185799,0.772570614
HeelEye2019.178.12.E.16S_000000000.JH6L7,HeelEye2019-178-12-E-16S,85,Eye,16S,2019-2020,178-12-E,178,178,12,C,C_178,Sand,945.4649159,2.259130886
HeelEye2019.178.34.E.16S_000000000.JH6L7,HeelEye2019-178-34-E-16S,50,Eye,16S,2019-2020,178-34-E,178,178,34,C,C_178,Sand,945.4649159,2.259130886
HeelEye2019.179.12.E.16S_000000000.JLBCC,HeelEye2019-179-12-E-16S,596,Eye,16S,2019-2020,179-12-E,179,179,12,C,C_179,Clay,552.2786357,-0.191106303
HeelEye2019.179.34.E.16S_000000000.JMHTR,HeelEye2019-179-34-E-16S,663,Eye,16S,2019-2020,179-34-E,179,179,34,C,C_179,Clay,552.2786357,-0.191106303
HeelEye2019.180.12.E.16S_000000000.JMHTR,HeelEye2019-180-12-E-16S,640,Eye,16S,2019-2020,180-12-E,180,180,12,C,C_180,Sand,835.0619962,1.571127888
HeelEye2019.180.34.E.16S_000000000.JMM89,HeelEye2019-180-34-E-16S,199,Eye,16S,2019-2020,180-34-E,180,180,34,C,C_180,Sand,835.0619962,1.571127888
HeelEye2019.61.12.E.16S_000000000.JLB35,HeelEye2019-61-12-E-16S,481,Eye,16S,2019-2020,61-12-E,61,61,12,D,D_61,Clay,818.3662747,-0.458477129
HeelEye2019.61.34.E.16S_000000000.JFHYF,HeelEye2019-61-34-E-16S,33,Eye,16S,2019-2020,61-34-E,61,61,34,D,D_61,Clay,818.3662747,-0.458477129
HeelEye2019.62.12.E.16S_000000000.JMMDW,HeelEye2019-62-12-E-16S,443,Eye,16S,2019-2020,62-12-E,62,62,12,D,D_62,Clay,830.9508298,-0.289616316
HeelEye2019.62.34.E.16S_000000000.JH6L7,HeelEye2019-62-34-E-16S,57,Eye,16S,2019-2020,62-34-E,62,62,34,D,D_62,Clay,830.9508298,-0.289616316
HeelEye2019.63.12.E.16S_000000000.JKP74,HeelEye2019-63-12-E-16S,273,Eye,16S,2019-2020,63-12-E,63,63,12,D,D_63,Clay,833.3315672,-0.257671346
HeelEye2019.63.34.E.16S_000000000.JK6WL,HeelEye2019-63-34-E-16S,685,Eye,16S,2019-2020,63-34-E,63,63,34,D,D_63,Clay,833.3315672,-0.257671346
HeelEye2019.64.12.E.16S_000000000.JLBCC,HeelEye2019-64-12-E-16S,613,Eye,16S,2019-2020,64-12-E,64,64,12,D,D_64,Clay,1015.142506,2.181885922
HeelEye2019.64.34.E.16S_000000000.JLHG5,HeelEye2019-64-34-E-16S,304,Eye,16S,2019-2020,64-34-E,64,64,34,D,D_64,Clay,1015.142506,2.181885922
HeelEye2019.65.12.E.16S_000000000.JKP3P,HeelEye2019-65-12-E-16S,137,Eye,16S,2019-2020,65-12-E,65,65,12,D,D_65,Clay,957.1824132,1.404171629
HeelEye2019.65.34.E.16S_000000000.JLBMN,HeelEye2019-65-34-E-16S,413,Eye,16S,2019-2020,65-34-E,65,65,34,D,D_65,Clay,957.1824132,1.404171629
HeelEye2019.66.12.E.16S_000000000.JFHYF,HeelEye2019-66-12-E-16S,44,Eye,16S,2019-2020,66-12-E,66,66,12,D,D_66,Clay,947.3504011,1.272244712
HeelEye2019.66.34.E.16S_000000000.JMLN7,HeelEye2019-66-34-E-16S,542,Eye,16S,2019-2020,66-34-E,66,66,34,D,D_66,Clay,947.3504011,1.272244712
HeelEye2019.67.12.E.16S_000000000.JK6WL,HeelEye2019-67-12-E-16S,698,Eye,16S,2019-2020,67-12-E,67,67,12,D,D_67,Clay,778.6315032,-0.991642246
HeelEye2019.67.34.E.16S_000000000.JMM89,HeelEye2019-67-34-E-16S,220,Eye,16S,2019-2020,67-34-E,67,67,34,D,D_67,Clay,778.6315032,-0.991642246
HeelEye2019.68.12.E.16S_000000000.JKP74,HeelEye2019-68-12-E-16S,249,Eye,16S,2019-2020,68-12-E,68,68,12,D,D_68,Clay,893.893925,0.554960397
HeelEye2019.68.34.E.16S_000000000.JLHG5,HeelEye2019-68-34-E-16S,297,Eye,16S,2019-2020,68-34-E,68,68,34,D,D_68,Clay,893.893925,0.554960397
HeelEye2019.69.12.E.16S_000000000.JH6L7,HeelEye2019-69-12-E-16S,89,Eye,16S,2019-2020,69-12-E,69,69,12,D,D_69,Clay,856.9631292,0.059419305
HeelEye2019.69.34.E.16S_000000000.JMLN7,HeelEye2019-69-34-E-16S,561,Eye,16S,2019-2020,69-34-E,69,69,34,D,D_69,Clay,856.9631292,0.059419305
HeelEye2019.70.12.E.16S_000000000.JLHG5,HeelEye2019-70-12-E-16S,323,Eye,16S,2019-2020,70-12-E,70,70,12,D,D_70,Clay,852.5099985,-0.000333247
HeelEye2019.70.34.E.16S_000000000.JMHTR,HeelEye2019-70-34-E-16S,631,Eye,16S,2019-2020,70-34-E,70,70,34,D,D_70,Clay,852.5099985,-0.000333247
HeelEye2019.71.12.E.16S_000000000.JMLN7,HeelEye2019-71-12-E-16S,558,Eye,16S,2019-2020,71-12-E,71,71,12,D,D_71,Clay,818.7644022,-0.453135016
HeelEye2019.71.34.E.16S_000000000.JKRF4,HeelEye2019-71-34-E-16S,175,Eye,16S,2019-2020,71-34-E,71,71,34,D,D_71,Clay,818.7644022,-0.453135016
HeelEye2019.72.12.E.16S_000000000.JMLM7,HeelEye2019-72-12-E-16S,364,Eye,16S,2019-2020,72-12-E,72,72,12,D,D_72,Clay,732.6090709,-1.609175823
HeelEye2019.72.34.E.16S_000000000.JLBCC,HeelEye2019-72-34-E-16S,611,Eye,16S,2019-2020,72-34-E,72,72,34,D,D_72,Clay,732.6090709,-1.609175823
HeelEye2019.73.12.E.16S_000000000.JKRF4,HeelEye2019-73-12-E-16S,184,Eye,16S,2019-2020,73-12-E,73,73,12,D,D_73,Clay,901.6152804,0.658566312
HeelEye2019.73.34.E.16S_000000000.JFHYF,HeelEye2019-73-34-E-16S,17,Eye,16S,2019-2020,73-34-E,73,73,34,D,D_73,Clay,901.6152804,0.658566312
HeelEye2019.74.12.E.16S_000000000.JMLM7,HeelEye2019-74-12-E-16S,348,Eye,16S,2019-2020,74-12-E,74,74,12,D,D_74,Clay,757.7870015,-1.271335844
HeelEye2019.74.34.E.16S_000000000.JMM89,HeelEye2019-74-34-E-16S,235,Eye,16S,2019-2020,74-34-E,74,74,34,D,D_74,Clay,757.7870015,-1.271335844
HeelEye2019.75.12.E.16S_000000000.JMLN7,HeelEye2019-75-12-E-16S,536,Eye,16S,2019-2020,75-12-E,75,75,12,D,D_75,Clay,881.0093494,0.38207388
HeelEye2019.75.34.E.16S_000000000.JMM89,HeelEye2019-75-34-E-16S,236,Eye,16S,2019-2020,75-34-E,75,75,34,D,D_75,Clay,881.0093494,0.38207388
HeelEye2019.76.12.E.16S_000000000.JLHG5,HeelEye2019-76-12-E-16S,331,Eye,16S,2019-2020,76-12-E,76,76,12,D,D_76,Clay,774.1249883,-1.052111112
HeelEye2019.76.34.E.16S_000000000.JKP74,HeelEye2019-76-34-E-16S,282,Eye,16S,2019-2020,76-34-E,76,76,34,D,D_76,Clay,774.1249883,-1.052111112
HeelEye2019.77.12.E.16S_000000000.JKP74,HeelEye2019-77-12-E-16S,247,Eye,16S,2019-2020,77-12-E,77,77,12,D,D_77,Clay,842.5674479,-0.13374338
HeelEye2019.77.34.E.16S_000000000.JKP74,HeelEye2019-77-34-E-16S,268,Eye,16S,2019-2020,77-34-E,77,77,34,D,D_77,Clay,842.5674479,-0.13374338
HeelEye2019.78.12.E.16S_000000000.JMLN7,HeelEye2019-78-12-E-16S,556,Eye,16S,2019-2020,78-12-E,78,78,12,D,D_78,Clay,887.9185047,0.474781613
HeelEye2019.78.34.E.16S_000000000.JFHYF,HeelEye2019-78-34-E-16S,26,Eye,16S,2019-2020,78-34-E,78,78,34,D,D_78,Clay,887.9185047,0.474781613
HeelEye2019.79.12.E.16S_000000000.JMLM7,HeelEye2019-79-12-E-16S,368,Eye,16S,2019-2020,79-12-E,79,79,12,D,D_79,Clay,935.5239909,1.113556764
HeelEye2019.79.34.E.16S_000000000.JLBCC,HeelEye2019-79-34-E-16S,581,Eye,16S,2019-2020,79-34-E,79,79,34,D,D_79,Clay,935.5239909,1.113556764
HeelEye2019.80.12.E.16S_000000000.JLBMN,HeelEye2019-80-12-E-16S,424,Eye,16S,2019-2020,80-12-E,80,80,12,D,D_80,Clay,879.5367666,0.362314617
HeelEye2019.80.34.E.16S_000000000.JLB35,HeelEye2019-80-34-E-16S,508,Eye,16S,2019-2020,80-34-E,80,80,34,D,D_80,Clay,879.5367666,0.362314617
HeelEye2019.81.12.E.16S_000000000.JMLM7,HeelEye2019-81-12-E-16S,362,Eye,16S,2019-2020,81-12-E,81,81,12,D,D_81,Clay,835.4541138,-0.229190804
HeelEye2019.81.34.E.16S_000000000.JFHYF,HeelEye2019-81-34-E-16S,11,Eye,16S,2019-2020,81-34-E,81,81,34,D,D_81,Clay,835.4541138,-0.229190804
HeelEye2019.82.12.E.16S_000000000.JFHYF,HeelEye2019-82-12-E-16S,13,Eye,16S,2019-2020,82-12-E,82,82,12,D,D_82,Clay,661.1850723,-2.567550142
HeelEye2019.82.34.E.16S_000000000.JLHG5,HeelEye2019-82-34-E-16S,314,Eye,16S,2019-2020,82-34-E,82,82,34,D,D_82,Clay,661.1850723,-2.567550142
HeelEye2019.83.12.E.16S_000000000.JKP3P,HeelEye2019-83-12-E-16S,136,Eye,16S,2019-2020,83-12-E,83,83,12,D,D_83,Clay,769.3488976,-1.116197172
HeelEye2019.83.34.E.16S_000000000.JFHYF,HeelEye2019-83-34-E-16S,43,Eye,16S,2019-2020,83-34-E,83,83,34,D,D_83,Clay,769.3488976,-1.116197172
HeelEye2019.84.12.E.16S_000000000.JMLM7,HeelEye2019-84-12-E-16S,382,Eye,16S,2019-2020,84-12-E,84,84,12,D,D_84,Clay,939.8600695,1.171738698
HeelEye2019.84.4.E.16S_000000000.JMLN7,HeelEye2019-84-4-E-16S,552,Eye,16S,2019-2020,84-4-E,84,84,4,D,D_84,Clay,939.8600695,1.171738698
HeelEye2019.85.12.E.16S_000000000.JMLN7,HeelEye2019-85-12-E-16S,566,Eye,16S,2019-2020,85-12-E,85,85,12,D,D_85,Clay,795.7578245,-0.761839564
HeelEye2019.85.34.E.16S_000000000.JLBMN,HeelEye2019-85-34-E-16S,422,Eye,16S,2019-2020,85-34-E,85,85,34,D,D_85,Clay,795.7578245,-0.761839564
HeelEye2019.86.12.E.16S_000000000.JKRF4,HeelEye2019-86-12-E-16S,159,Eye,16S,2019-2020,86-12-E,86,86,12,D,D_86,Clay,822.0180906,-0.4094767
HeelEye2019.86.34.E.16S_000000000.JKP3P,HeelEye2019-86-34-E-16S,118,Eye,16S,2019-2020,86-34-E,86,86,34,D,D_86,Clay,822.0180906,-0.4094767
HeelEye2019.87.12.E.16S_000000000.JMLM7,HeelEye2019-87-12-E-16S,343,Eye,16S,2019-2020,87-12-E,87,87,12,D,D_87,Clay,919.0850404,0.89297729
HeelEye2019.87.34.E.16S_000000000.JMMDW,HeelEye2019-87-34-E-16S,475,Eye,16S,2019-2020,87-34-E,87,87,34,D,D_87,Clay,919.0850404,0.89297729
HeelEye2019.88.12.E.16S_000000000.JK6WL,HeelEye2019-88-12-E-16S,684,Eye,16S,2019-2020,88-12-E,88,88,12,D,D_88,Clay,851.1110679,-0.019104236
HeelEye2019.88.34.E.16S_000000000.JFHYF,HeelEye2019-88-34-E-16S,18,Eye,16S,2019-2020,88-34-E,88,88,34,D,D_88,Clay,851.1110679,-0.019104236
HeelEye2019.89.12.E.16S_000000000.JKRF4,HeelEye2019-89-12-E-16S,190,Eye,16S,2019-2020,89-12-E,89,89,12,D,D_89,Clay,942.5385134,1.207678324
HeelEye2019.89.34.E.16S_000000000.JKP3P,HeelEye2019-89-34-E-16S,142,Eye,16S,2019-2020,89-34-E,89,89,34,D,D_89,Clay,942.5385134,1.207678324
HeelEye2019.90.12.E.16S_000000000.JMLM7,HeelEye2019-90-12-E-16S,341,Eye,16S,2019-2020,90-12-E,90,90,12,D,D_90,Clay,843.9069816,-0.115769384
HeelEye2019.90.34.E.16S_000000000.JMHTR,HeelEye2019-90-34-E-16S,646,Eye,16S,2019-2020,90-34-E,90,90,34,D,D_90,Clay,843.9069816,-0.115769384
HeelEye2019.100.12.E.16S_000000000.JMM89,HeelEye2019-100-12-E-16S,238,Eye,16S,2019-2020,100-12-E,100,100,12,E,E_100,Clay,1093.431768,-0.457626419
HeelEye2019.100.34.E.16S_000000000.JLHG5,HeelEye2019-100-34-E-16S,299,Eye,16S,2019-2020,100-34-E,100,100,34,E,E_100,Clay,1093.431768,-0.457626419
HeelEye2019.101.12.E.16S_000000000.JLBCC,HeelEye2019-101-12-E-16S,593,Eye,16S,2019-2020,101-12-E,101,101,12,E,E_101,Clay,881.9552591,-2.847717235
HeelEye2019.101.34.E.16S_000000000.JLBCC,HeelEye2019-101-34-E-16S,587,Eye,16S,2019-2020,101-34-E,101,101,34,E,E_101,Clay,881.9552591,-2.847717235
HeelEye2019.102.12.E.16S_000000000.JMMDW,HeelEye2019-102-12-E-16S,477,Eye,16S,2019-2020,102-12-E,102,102,12,E,E_102,Clay,1207.897452,0.836055704
HeelEye2019.102.3.E.16S_000000000.JKP74,HeelEye2019-102-3-E-16S,242,Eye,16S,2019-2020,102-3-E,102,102,3,E,E_102,Clay,1207.897452,0.836055704
HeelEye2019.103.12.E.16S_000000000.JKP3P,HeelEye2019-103-12-E-16S,98,Eye,16S,2019-2020,103-12-E,103,103,12,E,E_103,Clay,1085.854338,-0.543265936
HeelEye2019.103.34.E.16S_000000000.JMHTR,HeelEye2019-103-34-E-16S,664,Eye,16S,2019-2020,103-34-E,103,103,34,E,E_103,Clay,1085.854338,-0.543265936
HeelEye2019.104.12.E.16S_000000000.JH6L7,HeelEye2019-104-12-E-16S,67,Eye,16S,2019-2020,104-12-E,104,104,12,E,E_104,Clay,1262.336417,1.45132059
HeelEye2019.104.34.E.16S_000000000.JKP3P,HeelEye2019-104-34-E-16S,112,Eye,16S,2019-2020,104-34-E,104,104,34,E,E_104,Clay,1262.336417,1.45132059
HeelEye2019.105.12.E.16S_000000000.JH6L7,HeelEye2019-105-12-E-16S,77,Eye,16S,2019-2020,105-12-E,105,105,12,E,E_105,Clay,1225.145879,1.030996073
HeelEye2019.105.34.E.16S_000000000.JLHG5,HeelEye2019-105-34-E-16S,289,Eye,16S,2019-2020,105-34-E,105,105,34,E,E_105,Clay,1225.145879,1.030996073
HeelEye2019.106.12.E.16S_000000000.JLHG5,HeelEye2019-106-12-E-16S,330,Eye,16S,2019-2020,106-12-E,106,106,12,E,E_106,Clay,1168.472815,0.390481578
HeelEye2019.106.34.E.16S_000000000.JKP74,HeelEye2019-106-34-E-16S,263,Eye,16S,2019-2020,106-34-E,106,106,34,E,E_106,Clay,1168.472815,0.390481578
HeelEye2019.107.12.E.16S_000000000.JMLM7,HeelEye2019-107-12-E-16S,375,Eye,16S,2019-2020,107-12-E,107,107,12,E,E_107,Clay,1200.419951,0.751545577
HeelEye2019.107.34.E.16S_000000000.JLBCC,HeelEye2019-107-34-E-16S,591,Eye,16S,2019-2020,107-34-E,107,107,34,E,E_107,Clay,1200.419951,0.751545577
HeelEye2019.108.12.E.16S_000000000.JKP74,HeelEye2019-108-12-E-16S,244,Eye,16S,2019-2020,108-12-E,108,108,12,E,E_108,Clay,1068.780743,-0.736230364
HeelEye2019.108.34.E.16S_000000000.JMMDW,HeelEye2019-108-34-E-16S,459,Eye,16S,2019-2020,108-34-E,108,108,34,E,E_108,Clay,1068.780743,-0.736230364
HeelEye2019.109.12.E.16S_000000000.JMLM7,HeelEye2019-109-12-E-16S,355,Eye,16S,2019-2020,109-12-E,109,109,12,E,E_109,Clay,965.5663348,-1.902751455
HeelEye2019.109.34.E.16S_000000000.JMLM7,HeelEye2019-109-34-E-16S,371,Eye,16S,2019-2020,109-34-E,109,109,34,E,E_109,Clay,965.5663348,-1.902751455
HeelEye2019.110.12.E.16S_000000000.JLHG5,HeelEye2019-110-12-E-16S,320,Eye,16S,2019-2020,110-12-E,110,110,12,E,E_110,Clay,1134.144839,0.002509498
HeelEye2019.110.34.E.16S_000000000.JLHG5,HeelEye2019-110-34-E-16S,322,Eye,16S,2019-2020,110-34-E,110,110,34,E,E_110,Clay,1134.144839,0.002509498
HeelEye2019.111.12.E.16S_000000000.JLBMN,HeelEye2019-111-12-E-16S,425,Eye,16S,2019-2020,111-12-E,111,111,12,E,E_111,Clay,1230.761348,1.094461652
HeelEye2019.111.34.E.16S_000000000.JK6WL,HeelEye2019-111-34-E-16S,693,Eye,16S,2019-2020,111-34-E,111,111,34,E,E_111,Clay,1230.761348,1.094461652
HeelEye2019.112.12.E.16S_000000000.JLBCC,HeelEye2019-112-12-E-16S,620,Eye,16S,2019-2020,112-12-E,112,112,12,E,E_112,Clay,1228.451332,1.068354039
HeelEye2019.112.34.E.16S_000000000.JMLM7,HeelEye2019-112-34-E-16S,384,Eye,16S,2019-2020,112-34-E,112,112,34,E,E_112,Clay,1228.451332,1.068354039
HeelEye2019.113.12.E.16S_000000000.JLB35,HeelEye2019-113-12-E-16S,516,Eye,16S,2019-2020,113-12-E,113,113,12,E,E_113,Clay,1089.621122,-0.500694041
HeelEye2019.113.34.E.16S_000000000.JLBCC,HeelEye2019-113-34-E-16S,607,Eye,16S,2019-2020,113-34-E,113,113,34,E,E_113,Clay,1089.621122,-0.500694041
HeelEye2019.114.2.E.16S_000000000.JKRF4,HeelEye2019-114-2-E-16S,182,Eye,16S,2019-2020,114-2-E,114,114,2,E,E_114,Clay,1029.29529,-1.182491836
HeelEye2019.114.34.E.16S_000000000.JMMDW,HeelEye2019-114-34-E-16S,473,Eye,16S,2019-2020,114-34-E,114,114,34,E,E_114,Clay,1029.29529,-1.182491836
HeelEye2019.115.12.E.16S_000000000.JLBMN,HeelEye2019-115-12-E-16S,423,Eye,16S,2019-2020,115-12-E,115,115,12,E,E_115,Clay,1163.961926,0.339499864
HeelEye2019.115.34.E.16S_000000000.JLB35,HeelEye2019-115-34-E-16S,500,Eye,16S,2019-2020,115-34-E,115,115,34,E,E_115,Clay,1163.961926,0.339499864
HeelEye2019.116.12.E.16S_000000000.JLB35,HeelEye2019-116-12-E-16S,487,Eye,16S,2019-2020,116-12-E,116,116,12,E,E_116,Clay,1180.389203,0.525159647
HeelEye2019.116.34.E.16S_000000000.JLHG5,HeelEye2019-116-34-E-16S,326,Eye,16S,2019-2020,116-34-E,116,116,34,E,E_116,Clay,1180.389203,0.525159647
HeelEye2019.117.12.E.16S_000000000.JH6L7,HeelEye2019-117-12-E-16S,84,Eye,16S,2019-2020,117-12-E,117,117,12,E,E_117,Clay,1092.735624,-0.465494179
HeelEye2019.117.34.E.16S_000000000.JKRF4,HeelEye2019-117-34-E-16S,163,Eye,16S,2019-2020,117-34-E,117,117,34,E,E_117,Clay,1092.735624,-0.465494179
HeelEye2019.118.12.E.16S_000000000.JLHG5,HeelEye2019-118-12-E-16S,300,Eye,16S,2019-2020,118-12-E,118,118,12,E,E_118,Clay,1134.700788,0.008792789
HeelEye2019.118.34.E.16S_000000000.JKRF4,HeelEye2019-118-34-E-16S,164,Eye,16S,2019-2020,118-34-E,118,118,34,E,E_118,Clay,1134.700788,0.008792789
HeelEye2019.119.12.E.16S_000000000.JLB35,HeelEye2019-119-12-E-16S,520,Eye,16S,2019-2020,119-12-E,119,119,12,E,E_119,Clay,1075.960196,-0.655088743
HeelEye2019.119.34.E.16S_000000000.JLBCC,HeelEye2019-119-34-E-16S,601,Eye,16S,2019-2020,119-34-E,119,119,34,E,E_119,Clay,1075.960196,-0.655088743
HeelEye2019.120.12.E.16S_000000000.JLB35,HeelEye2019-120-12-E-16S,510,Eye,16S,2019-2020,120-12-E,120,120,12,E,E_120,Clay,1148.371763,0.163301067
HeelEye2019.120.34.E.16S_000000000.JMMDW,HeelEye2019-120-34-E-16S,449,Eye,16S,2019-2020,120-34-E,120,120,34,E,E_120,Clay,1148.371763,0.163301067
HeelEye2019.91.12.E.16S_000000000.JKP74,HeelEye2019-91-12-E-16S,246,Eye,16S,2019-2020,91-12-E,91,91,12,E,E_91,Clay,1144.942364,0.124542271
HeelEye2019.91.34.E.16S_000000000.JMHTR,HeelEye2019-91-34-E-16S,627,Eye,16S,2019-2020,91-34-E,91,91,34,E,E_91,Clay,1144.942364,0.124542271
HeelEye2019.92.12.E.16S_000000000.JLBMN,HeelEye2019-92-12-E-16S,418,Eye,16S,2019-2020,92-12-E,92,92,12,E,E_92,Clay,1165.599379,0.35800623
HeelEye2019.92.34.E.16S_000000000.JMLN7,HeelEye2019-92-34-E-16S,565,Eye,16S,2019-2020,92-34-E,92,92,34,E,E_92,Clay,1165.599379,0.35800623
HeelEye2019.93.12.E.16S_000000000.JKRF4,HeelEye2019-93-12-E-16S,149,Eye,16S,2019-2020,93-12-E,93,93,12,E,E_93,Clay,1206.709641,0.822631166
HeelEye2019.93.4.E.16S_000000000.JMMDW,HeelEye2019-93-4-E-16S,434,Eye,16S,2019-2020,93-4-E,93,93,4,E,E_93,Clay,1206.709641,0.822631166
HeelEye2019.94.12.E.16S_000000000.JMM89,HeelEye2019-94-12-E-16S,207,Eye,16S,2019-2020,94-12-E,94,94,12,E,E_94,Clay,1022.979747,-1.253869607
HeelEye2019.94.34.E.16S_000000000.JLBCC,HeelEye2019-94-34-E-16S,578,Eye,16S,2019-2020,94-34-E,94,94,34,E,E_94,Clay,1022.979747,-1.253869607
HeelEye2019.95.12.E.16S_000000000.JLBCC,HeelEye2019-95-12-E-16S,615,Eye,16S,2019-2020,95-12-E,95,95,12,E,E_95,Clay,1292.537047,1.792645733
HeelEye2019.95.34.E.16S_000000000.JMMDW,HeelEye2019-95-34-E-16S,457,Eye,16S,2019-2020,95-34-E,95,95,34,E,E_95,Clay,1292.537047,1.792645733
HeelEye2019.96.12.E.16S_000000000.JMHTR,HeelEye2019-96-12-E-16S,632,Eye,16S,2019-2020,96-12-E,96,96,12,E,E_96,Clay,1111.584297,-0.25246797
HeelEye2019.96.34.E.16S_000000000.JLBMN,HeelEye2019-96-34-E-16S,402,Eye,16S,2019-2020,96-34-E,96,96,34,E,E_96,Clay,1111.584297,-0.25246797
HeelEye2019.97.12.E.16S_000000000.JLBCC,HeelEye2019-97-12-E-16S,582,Eye,16S,2019-2020,97-12-E,97,97,12,E,E_97,Clay,1203.781062,0.789532593
HeelEye2019.97.34.E.16S_000000000.JLHG5,HeelEye2019-97-34-E-16S,298,Eye,16S,2019-2020,97-34-E,97,97,34,E,E_97,Clay,1203.781062,0.789532593
HeelEye2019.98.12.E.16S_000000000.JH6L7,HeelEye2019-98-12-E-16S,49,Eye,16S,2019-2020,98-12-E,98,98,12,E,E_98,Clay,1037.773453,-1.086672306
HeelEye2019.98.12.E.16S_000000000.JMLN7,HeelEye2019-98-12-E-16S,560,Eye,16S,2019-2020,98-12-E,98,98,12,E,E_98,Clay,1037.773453,-1.086672306
HeelEye2019.98.34.E.16S_000000000.JFHYF,HeelEye2019-98-34-E-16S,45,Eye,16S,2019-2020,98-34-E,98,98,34,E,E_98,Clay,1037.773453,-1.086672306
HeelEye2019.98.34.E.16S_000000000.JMLN7,HeelEye2019-98-34-E-16S,544,Eye,16S,2019-2020,98-34-E,98,98,34,E,E_98,Clay,1037.773453,-1.086672306
HeelEye2019.99.12.E.16S_000000000.JLBMN,HeelEye2019-99-12-E-16S,395,Eye,16S,2019-2020,99-12-E,99,99,12,E,E_99,Clay,1163.522546,0.334534021
HeelEye2019.99.34.E.16S_000000000.JKP74,HeelEye2019-99-34-E-16S,260,Eye,16S,2019-2020,99-34-E,99,99,34,E,E_99,Clay,1163.522546,0.334534021
HeelEye2019.121.12.E.16S_000000000.JK6WL,HeelEye2019-121-12-E-16S,756,Eye,16S,2019-2020,121-12-E,121,121,12,F,F_121,Clay,1048.85592,0.395993189
HeelEye2019.121.12.E.16S.redo_000000000.JK6WL,HeelEye2019-121-12-E-16S-redo,691,Eye,16S,2019-2020,121-12-E,121,121,12,F,F_121,Clay,1048.85592,0.395993189
HeelEye2019.121.34.E.16S_000000000.JKP74,HeelEye2019-121-34-E-16S,253,Eye,16S,2019-2020,121-34-E,121,121,34,F,F_121,Clay,1048.85592,0.395993189
HeelEye2019.122.12.E.16S_000000000.JKP74,HeelEye2019-122-12-E-16S,255,Eye,16S,2019-2020,122-12-E,122,122,12,F,F_122,Sand,1105.075788,0.91253164
HeelEye2019.122.34.E.16S_000000000.JLBCC,HeelEye2019-122-34-E-16S,592,Eye,16S,2019-2020,122-34-E,122,122,34,F,F_122,Sand,1105.075788,0.91253164
HeelEye2019.123.12.E.16S_000000000.JKP3P,HeelEye2019-123-12-E-16S,144,Eye,16S,2019-2020,123-12-E,123,123,12,F,F_123,Clay,1081.344118,0.694489144
HeelEye2019.123.34.E.16S_000000000.JLBCC,HeelEye2019-123-34-E-16S,599,Eye,16S,2019-2020,123-34-E,123,123,34,F,F_123,Clay,1081.344118,0.694489144
HeelEye2019.124.12.E.16S_000000000.JLBMN,HeelEye2019-124-12-E-16S,420,Eye,16S,2019-2020,124-12-E,124,124,12,F,F_124,Clay,1075.727059,0.642880578
HeelEye2019.124.34.E.16S_000000000.JLB35,HeelEye2019-124-34-E-16S,492,Eye,16S,2019-2020,124-34-E,124,124,34,F,F_124,Clay,1075.727059,0.642880578
HeelEye2019.125.12.E.16S_000000000.JLBCC,HeelEye2019-125-12-E-16S,621,Eye,16S,2019-2020,125-12-E,125,125,12,F,F_125,Clay,1011.867669,0.056151518
HeelEye2019.125.34.E.16S_000000000.JLBCC,HeelEye2019-125-34-E-16S,579,Eye,16S,2019-2020,125-34-E,125,125,34,F,F_125,Clay,1011.867669,0.056151518
HeelEye2019.126.12.E.16S_000000000.JLHG5,HeelEye2019-126-12-E-16S,294,Eye,16S,2019-2020,126-12-E,126,126,12,F,F_126,Clay,1193.023264,1.720577875
HeelEye2019.126.34.E.16S_000000000.JMHTR,HeelEye2019-126-34-E-16S,658,Eye,16S,2019-2020,126-34-E,126,126,34,F,F_126,Clay,1193.023264,1.720577875
HeelEye2019.127.12.E.16S_000000000.JLBCC,HeelEye2019-127-12-E-16S,583,Eye,16S,2019-2020,127-12-E,127,127,12,F,F_127,Clay,1052.107206,0.425865446
HeelEye2019.127.34.E.16S_000000000.JFHYF,HeelEye2019-127-34-E-16S,46,Eye,16S,2019-2020,127-34-E,127,127,34,F,F_127,Clay,1052.107206,0.425865446
HeelEye2019.128.12.E.16S_000000000.JK6WL,HeelEye2019-128-12-E-16S,709,Eye,16S,2019-2020,128-12-E,128,128,12,F,F_128,Clay,896.0915598,-1.007579397
HeelEye2019.128.34.E.16S_000000000.JLBMN,HeelEye2019-128-34-E-16S,391,Eye,16S,2019-2020,128-34-E,128,128,34,F,F_128,Clay,896.0915598,-1.007579397
HeelEye2019.130.12.E.16S_000000000.JH6L7,HeelEye2019-130-12-E-16S,80,Eye,16S,2019-2020,130-12-E,130,130,12,F,F_130,Clay,722.1981116,-2.605282399
HeelEye2019.130.34.E.16S_000000000.JMM89,HeelEye2019-130-34-E-16S,224,Eye,16S,2019-2020,130-34-E,130,130,34,F,F_130,Clay,722.1981116,-2.605282399
HeelEye2019.131.12.E.16S_000000000.JLHG5,HeelEye2019-131-12-E-16S,312,Eye,16S,2019-2020,131-12-E,131,131,12,F,F_131,Sand,822.8875953,-1.680164794
HeelEye2019.131.34.E.16S_000000000.JLBMN,HeelEye2019-131-34-E-16S,430,Eye,16S,2019-2020,131-34-E,131,131,34,F,F_131,Sand,822.8875953,-1.680164794
HeelEye2019.133.12.E.16S_000000000.JMMDW,HeelEye2019-133-12-E-16S,468,Eye,16S,2019-2020,133-12-E,133,133,12,F,F_133,Clay,1028.325785,0.207365853
HeelEye2019.133.34.E.16S_000000000.JLBCC,HeelEye2019-133-34-E-16S,617,Eye,16S,2019-2020,133-34-E,133,133,34,F,F_133,Clay,1028.325785,0.207365853
HeelEye2019.134.12.E.16S_000000000.JK6WL,HeelEye2019-134-12-E-16S,689,Eye,16S,2019-2020,134-12-E,134,134,12,F,F_134,Sand,961.4109725,-0.407435902
HeelEye2019.134.34.E.16S_000000000.JK6WL,HeelEye2019-134-34-E-16S,687,Eye,16S,2019-2020,134-34-E,134,134,34,F,F_134,Sand,961.4109725,-0.407435902
HeelEye2019.135.12.E.16S_000000000.JMLN7,HeelEye2019-135-12-E-16S,539,Eye,16S,2019-2020,135-12-E,135,135,12,F,F_135,Sand,943.8828933,-0.568480869
HeelEye2019.135.34.E.16S_000000000.JK6WL,HeelEye2019-135-34-E-16S,710,Eye,16S,2019-2020,135-34-E,135,135,34,F,F_135,Sand,943.8828933,-0.568480869
HeelEye2019.136.12.E.16S_000000000.JKP3P,HeelEye2019-136-12-E-16S,138,Eye,16S,2019-2020,136-12-E,136,136,12,F,F_136,Sand,1170.781222,1.516221834
HeelEye2019.136.34.E.16S_000000000.JMHTR,HeelEye2019-136-34-E-16S,636,Eye,16S,2019-2020,136-34-E,136,136,34,F,F_136,Sand,1170.781222,1.516221834
HeelEye2019.137.12.E.16S_000000000.JMM89,HeelEye2019-137-12-E-16S,212,Eye,16S,2019-2020,137-12-E,137,137,12,F,F_137,Sand,1000.936265,-0.044284329
HeelEye2019.137.34.E.16S_000000000.JH6L7,HeelEye2019-137-34-E-16S,68,Eye,16S,2019-2020,137-34-E,137,137,34,F,F_137,Sand,1000.936265,-0.044284329
HeelEye2019.139.12.E.16S_000000000.JLB35,HeelEye2019-139-12-E-16S,512,Eye,16S,2019-2020,139-12-E,139,139,12,F,F_139,Sand,1050.758486,0.413473641
HeelEye2019.139.34.E.16S_000000000.JMHTR,HeelEye2019-139-34-E-16S,625,Eye,16S,2019-2020,139-34-E,139,139,34,F,F_139,Sand,1050.758486,0.413473641
HeelEye2019.140.12.E.16S_000000000.JLBCC,HeelEye2019-140-12-E-16S,624,Eye,16S,2019-2020,140-12-E,140,140,12,F,F_140,Sand,1012.625478,0.063114143
HeelEye2019.140.34.E.16S_000000000.JLBMN,HeelEye2019-140-34-E-16S,432,Eye,16S,2019-2020,140-34-E,140,140,34,F,F_140,Sand,1012.625478,0.063114143
HeelEye2019.141.2.E.16S_000000000.JLBMN,HeelEye2019-141-2-E-16S,385,Eye,16S,2019-2020,141-2-E,141,141,2,F,F_141,Sand,1148.384541,1.310444985
HeelEye2019.141.34.E.16S_000000000.JK6WL,HeelEye2019-141-34-E-16S,708,Eye,16S,2019-2020,141-34-E,141,141,34,F,F_141,Sand,1148.384541,1.310444985
HeelEye2019.142.12.E.16S_000000000.JLBMN,HeelEye2019-142-12-E-16S,415,Eye,16S,2019-2020,142-12-E,142,142,12,F,F_142,Sand,953.4286039,-0.480776528
HeelEye2019.142.34.E.16S_000000000.JLBMN,HeelEye2019-142-34-E-16S,398,Eye,16S,2019-2020,142-34-E,142,142,34,F,F_142,Sand,953.4286039,-0.480776528
HeelEye2019.143.12.E.16S_000000000.JMM89,HeelEye2019-143-12-E-16S,195,Eye,16S,2019-2020,143-12-E,143,143,12,F,F_143,Sand,954.5113822,-0.470828147
HeelEye2019.143.4.E.16S_000000000.JMLM7,HeelEye2019-143-4-E-16S,374,Eye,16S,2019-2020,143-4-E,143,143,4,F,F_143,Sand,954.5113822,-0.470828147
HeelEye2019.144.12.E.16S_000000000.JKRF4,HeelEye2019-144-12-E-16S,166,Eye,16S,2019-2020,144-12-E,144,144,12,F,F_144,Sand,1032.223122,0.243173909
HeelEye2019.144.34.E.16S_000000000.JK6WL,HeelEye2019-144-34-E-16S,678,Eye,16S,2019-2020,144-34-E,144,144,34,F,F_144,Sand,1032.223122,0.243173909
HeelEye2019.145.12.E.16S_000000000.JKP74,HeelEye2019-145-12-E-16S,271,Eye,16S,2019-2020,145-12-E,145,145,12,F,F_145,Clay,756.9877,-2.285641663
HeelEye2019.145.34.E.16S_000000000.JFHYF,HeelEye2019-145-34-E-16S,22,Eye,16S,2019-2020,145-34-E,145,145,34,F,F_145,Clay,756.9877,-2.285641663
HeelEye2019.146.12.E.16S_000000000.JKRF4,HeelEye2019-146-12-E-16S,176,Eye,16S,2019-2020,146-12-E,146,146,12,F,F_146,Clay,896.7369496,-1.001649667
HeelEye2019.146.34.E.16S_000000000.JMHTR,HeelEye2019-146-34-E-16S,659,Eye,16S,2019-2020,146-34-E,146,146,34,F,F_146,Clay,896.7369496,-1.001649667
HeelEye2019.147.12.E.16S_000000000.JKP3P,HeelEye2019-147-12-E-16S,124,Eye,16S,2019-2020,147-12-E,147,147,12,F,F_147,Clay,1034.195918,0.261299619
HeelEye2019.147.34.E.16S_000000000.JMM89,HeelEye2019-147-34-E-16S,205,Eye,16S,2019-2020,147-34-E,147,147,34,F,F_147,Clay,1034.195918,0.261299619
HeelEye2019.148.12.E.16S_000000000.JKP74,HeelEye2019-148-12-E-16S,283,Eye,16S,2019-2020,148-12-E,148,148,12,F,F_148,Sand,1163.110864,1.4457479
HeelEye2019.148.34.E.16S_000000000.JMHTR,HeelEye2019-148-34-E-16S,660,Eye,16S,2019-2020,148-34-E,148,148,34,F,F_148,Sand,1163.110864,1.4457479
HeelEye2019.149.12.E.16S_000000000.JKP74,HeelEye2019-149-12-E-16S,267,Eye,16S,2019-2020,149-12-E,149,149,12,F,F_149,Sand,1075.46792,0.640499656
HeelEye2019.149.34.E.16S_000000000.JMLM7,HeelEye2019-149-34-E-16S,377,Eye,16S,2019-2020,149-34-E,149,149,34,F,F_149,Sand,1075.46792,0.640499656
HeelEye2019.150.12.E.16S_000000000.JLHG5,HeelEye2019-150-12-E-16S,334,Eye,16S,2019-2020,150-12-E,150,150,12,F,F_150,Clay,993.2065872,-0.115303279
HeelEye2019.150.34.E.16S_000000000.JLBMN,HeelEye2019-150-34-E-16S,400,Eye,16S,2019-2020,150-34-E,150,150,34,F,F_150,Clay,993.2065872,-0.115303279
